{
  "experiment_id": "EN8.4a",
  "parameters": {
    "n_products": 1000,
    "n_categories": 10,
    "dims": 128,
    "n_queries": 50,
    "n_queries_per_category": 5,
    "bit_widths": [
      2,
      3,
      4,
      8
    ],
    "k_values": [
      1,
      5,
      10
    ],
    "seed": 42,
    "noise_scale": 0.3,
    "category_names": [
      "electronics",
      "clothing",
      "books",
      "home_garden",
      "sports",
      "toys",
      "automotive",
      "health",
      "food",
      "music"
    ],
    "turboquant_source": "turboquant (PyPI)"
  },
  "metrics": {
    "rq1_rq2_rq3_results": [
      {
        "method": "naive_scalar",
        "bit_width": 2,
        "mse": 0.005512021016329527,
        "pearson_r_mean": 0.8304846513271332,
        "pearson_r_std": 0.010332942130073108,
        "spearman_rho_mean": 0.8007496294696296,
        "spearman_rho_std": 0.013567811080119925,
        "storage_bytes_per_vector": 32.0,
        "compression_ratio": 16.0,
        "elapsed_seconds": 0.06274200000916608,
        "recall_at_1_mean": 1.0,
        "recall_at_1_std": 0.0,
        "recall_at_5_mean": 0.44400000000000006,
        "recall_at_5_std": 0.15120846537148638,
        "recall_at_10_mean": 0.44199999999999995,
        "recall_at_10_std": 0.11677328461595998
      },
      {
        "method": "turboquant_mse",
        "bit_width": 2,
        "mse": 0.001011263346299529,
        "pearson_r_mean": 0.9440410006046295,
        "pearson_r_std": 0.004025367304547688,
        "spearman_rho_mean": 0.9318507112664003,
        "spearman_rho_std": 0.005605834600219434,
        "storage_bytes_per_vector": 32.0,
        "compression_ratio": 16.0,
        "elapsed_seconds": 0.2167106999841053,
        "recall_at_1_mean": 1.0,
        "recall_at_1_std": 0.0,
        "recall_at_5_mean": 0.66,
        "recall_at_5_std": 0.128062484748657,
        "recall_at_10_mean": 0.6659999999999999,
        "recall_at_10_std": 0.11244554237496479
      },
      {
        "method": "turboquant_ip",
        "bit_width": 2,
        "mse": 0.0023841930087655783,
        "pearson_r_mean": 0.8524817943572998,
        "pearson_r_std": 0.009502896309183667,
        "spearman_rho_mean": 0.8282641970641972,
        "spearman_rho_std": 0.012298810771071231,
        "storage_bytes_per_vector": 32.0,
        "compression_ratio": 16.0,
        "elapsed_seconds": 0.07578009998542257,
        "recall_at_1_mean": 1.0,
        "recall_at_1_std": 0.0,
        "recall_at_5_mean": 0.5,
        "recall_at_5_std": 0.17549928774784243,
        "recall_at_10_mean": 0.46599999999999997,
        "recall_at_10_std": 0.14228141129465927
      },
      {
        "method": "naive_scalar",
        "bit_width": 3,
        "mse": 0.0009397484245710075,
        "pearson_r_mean": 0.9525521993637085,
        "pearson_r_std": 0.003247854357924966,
        "spearman_rho_mean": 0.9423210836010836,
        "spearman_rho_std": 0.004883571757753626,
        "storage_bytes_per_vector": 48.0,
        "compression_ratio": 10.666666666666666,
        "elapsed_seconds": 0.06357779999962077,
        "recall_at_1_mean": 1.0,
        "recall_at_1_std": 0.0,
        "recall_at_5_mean": 0.688,
        "recall_at_5_std": 0.1795995545651492,
        "recall_at_10_mean": 0.688,
        "recall_at_10_std": 0.1124988888834019
      },
      {
        "method": "turboquant_mse",
        "bit_width": 3,
        "mse": 0.00038859539199620485,
        "pearson_r_mean": 0.979655544757843,
        "pearson_r_std": 0.001294379178940805,
        "spearman_rho_mean": 0.9748248710431696,
        "spearman_rho_std": 0.001997295953010497,
        "storage_bytes_per_vector": 48.0,
        "compression_ratio": 10.666666666666666,
        "elapsed_seconds": 0.07368259999202564,
        "recall_at_1_mean": 1.0,
        "recall_at_1_std": 0.0,
        "recall_at_5_mean": 0.7839999999999999,
        "recall_at_5_std": 0.1488086019019062,
        "recall_at_10_mean": 0.7819999999999999,
        "recall_at_10_std": 0.11948221624995078
      },
      {
        "method": "turboquant_ip",
        "bit_width": 3,
        "mse": 0.0008539233240298927,
        "pearson_r_mean": 0.953666808605194,
        "pearson_r_std": 0.003221241577912136,
        "spearman_rho_mean": 0.9433719983319985,
        "spearman_rho_std": 0.004443416483582576,
        "storage_bytes_per_vector": 48.0,
        "compression_ratio": 10.666666666666666,
        "elapsed_seconds": 0.07112170002073981,
        "recall_at_1_mean": 1.0,
        "recall_at_1_std": 0.0,
        "recall_at_5_mean": 0.6759999999999999,
        "recall_at_5_std": 0.13792751719653337,
        "recall_at_10_mean": 0.6920000000000001,
        "recall_at_10_std": 0.10552724766618338
      },
      {
        "method": "naive_scalar",
        "bit_width": 4,
        "mse": 0.00020511717593763024,
        "pearson_r_mean": 0.9890877938270569,
        "pearson_r_std": 0.0008442686518329912,
        "spearman_rho_mean": 0.9863602528996028,
        "spearman_rho_std": 0.0012398783546549938,
        "storage_bytes_per_vector": 64.0,
        "compression_ratio": 8.0,
        "elapsed_seconds": 0.06403869998757727,
        "recall_at_1_mean": 1.0,
        "recall_at_1_std": 0.0,
        "recall_at_5_mean": 0.824,
        "recall_at_5_std": 0.13646977687385584,
        "recall_at_10_mean": 0.834,
        "recall_at_10_std": 0.09509994742374993
      },
      {
        "method": "turboquant_mse",
        "bit_width": 4,
        "mse": 0.00015359722601715475,
        "pearson_r_mean": 0.9920867156982421,
        "pearson_r_std": 0.0005998926200705508,
        "spearman_rho_mean": 0.9900345585945586,
        "spearman_rho_std": 0.000909116508900675,
        "storage_bytes_per_vector": 64.0,
        "compression_ratio": 8.0,
        "elapsed_seconds": 0.07995240000309423,
        "recall_at_1_mean": 1.0,
        "recall_at_1_std": 0.0,
        "recall_at_5_mean": 0.824,
        "recall_at_5_std": 0.14221111067704942,
        "recall_at_10_mean": 0.8560000000000001,
        "recall_at_10_std": 0.09414881836751857
      },
      {
        "method": "turboquant_ip",
        "bit_width": 4,
        "mse": 0.0003282026154920459,
        "pearson_r_mean": 0.9829638266563415,
        "pearson_r_std": 0.0010974267067362683,
        "spearman_rho_mean": 0.9788665904665906,
        "spearman_rho_std": 0.0016453483346149057,
        "storage_bytes_per_vector": 64.0,
        "compression_ratio": 8.0,
        "elapsed_seconds": 0.07754239998757839,
        "recall_at_1_mean": 1.0,
        "recall_at_1_std": 0.0,
        "recall_at_5_mean": 0.7999999999999998,
        "recall_at_5_std": 0.1442220510185596,
        "recall_at_10_mean": 0.8,
        "recall_at_10_std": 0.12000000000000001
      },
      {
        "method": "naive_scalar",
        "bit_width": 8,
        "mse": 7.091413749549247e-07,
        "pearson_r_mean": 0.9999611866474152,
        "pearson_r_std": 2.558273848796619e-06,
        "spearman_rho_mean": 0.999934166014166,
        "spearman_rho_std": 5.610862928014315e-06,
        "storage_bytes_per_vector": 128.0,
        "compression_ratio": 4.0,
        "elapsed_seconds": 0.06346870001289062,
        "recall_at_1_mean": 1.0,
        "recall_at_1_std": 0.0,
        "recall_at_5_mean": 1.0,
        "recall_at_5_std": 0.0,
        "recall_at_10_mean": 0.986,
        "recall_at_10_std": 0.034698703145794936
      },
      {
        "method": "turboquant_mse",
        "bit_width": 8,
        "mse": 5.162560228200164e-06,
        "pearson_r_mean": 0.9997397947311402,
        "pearson_r_std": 3.1722560123777044e-05,
        "spearman_rho_mean": 0.9996397430797431,
        "spearman_rho_std": 5.1425060817830626e-05,
        "storage_bytes_per_vector": 128.0,
        "compression_ratio": 4.0,
        "elapsed_seconds": 0.19819819999975152,
        "recall_at_1_mean": 1.0,
        "recall_at_1_std": 0.0,
        "recall_at_5_mean": 0.9880000000000001,
        "recall_at_5_std": 0.04749736834815166,