{
  "experiment": "EN8.2",
  "timestamp": "2026-05-04T16:43:48.873125+00:00",
  "seed": 42,
  "n_raw": 2219803,
  "n_filtered": 1815663,
  "phase_c": {
    "minimal": {
      "json": 244624,
      "cbor": 191839,
      "ratio": 0.7842198639544771
    },
    "full": {
      "json": 315624,
      "cbor": 250839,
      "ratio": 0.7947399437305148
    },
    "mqtt": {
      "topic": "ld/Observation/s1",
      "qos": 1,
      "payload_size": 192
    },
    "coap": {
      "content_format": 60,
      "uri_path": [
        "ld",
        "Observation",
        "s1"
      ],
      "message_type": 0,
      "size1": 192
    }
  }
}