{
  "experiment": "EN8.2",
  "timestamp": "2026-05-04T16:08:32.637827+00:00",
  "seed": 42,
  "n_raw": 2219803,
  "n_filtered": 1815663,
  "phase_a": {
    "annotate": 1064985.4140830268,
    "annotate_ssn": 67204.75271248887,
    "full": 31518.39889629432
  }
}