{
  "experiment": "EN8.2",
  "timestamp": "2026-05-04T16:46:51.379842+00:00",
  "seed": 42,
  "n_raw": 2219803,
  "n_filtered": 1815663,
  "phase_d": {
    "primary": {
      "disagr": {
        "s4": 0.9839490983229956,
        "s6": 0.5080343027734978,
        "s7": 0.6790949481506128,
        "s9": 1.0621587119856888
      },
      "drift": {
        "s4": 3.3940666666666672,
        "s6": 1.0485999999999969,
        "s7": 21.611449999999998,
        "s9": 20.6486
      },
      "biases": {
        "s4": 0.5291999999999994,
        "s6": -0.09146666666666547,
        "s7": -0.07186666666666497,
        "s9": -0.4932666666666705
      },
      "corr": 0.9371658279600682,
      "outliers": {
        "4": {
          "n": 2506,
          "tp": 17,
          "recall": 0.006783719074221868,
          "fpr": 0.003424657534246575
        },
        "6": {
          "n": 2825,
          "tp": 321,
          "recall": 0.1136283185840708,
          "fpr": 0.0030798845043310875
        },
        "7": {
          "n": 2417,
          "tp": 38,
          "recall": 0.015721969383533305,
          "fpr": 0.0053903952956550144
        },
        "9": {
          "n": 1696,
          "tp": 12,
          "recall": 0.007075471698113208,
          "fpr": 0.002415847962634885
        }
      }
    },
    "validation": {
      "disagr": {
        "s22": 0.9848012938093678,
        "s23": 1.0105111912174338,
        "s24": 1.0177405473051895
      },
      "drift": {
        "s22": 0.49000000000000377,
        "s23": 0.6712999999999987,
        "s24": 1.0045000000000002
      },
      "biases": {
        "s22": -0.3724000000000025,
        "s23": 0.2596999999999987,
        "s24": 0.07350000000000279
      },
      "corr": -0.8985748468956974,
      "outliers": {
        "22": {
          "n": 1663,
          "tp": 6,
          "recall": 0.0036079374624173183,
          "fpr": 0.003798237617745366
        },
        "23": {
          "n": 3037,
          "tp": 16,
          "recall": 0.005268356931182087,
          "fpr": 0.0017988552739165986
        },
        "24": {
          "n": 3091,
          "tp": 0,
          "recall": 0.0,
          "fpr": 0.00033350008337502084
        }
      }
    }
  }
}