{
  "experiment": "EN8.2",
  "timestamp": "2026-05-04T16:57:29.318338+00:00",
  "seed": 42,
  "n_raw": 2219803,
  "n_filtered": 1815663,
  "phase_d": {
    "primary": {
      "disagr": {
        "s4": 0.9839490983229956,
        "s6": 0.5080343027734978,
        "s7": 0.6790949481506128,
        "s9": 1.0621587119856888
      },
      "drift": {
        "s4": 3.3940666666666672,
        "s6": 1.0485999999999969,
        "s7": 21.611449999999998,
        "s9": 20.6486
      },
      "biases": {
        "s4": 0.5291999999999994,
        "s6": -0.09146666666666547,
        "s7": -0.07186666666666497,
        "s9": -0.4932666666666705
      },
      "corr": 0.9371658279600682,
      "outliers": {
        "4": {
          "n": 2506,
          "tp": 1389,
          "recall": 0.554269752593775,
          "fpr": 0.11558219178082192
        },
        "6": {
          "n": 2825,
          "tp": 2634,
          "recall": 0.9323893805309734,
          "fpr": 0.08411934552454282
        },
        "7": {
          "n": 2417,
          "tp": 692,
          "recall": 0.28630533719486967,
          "fpr": 0.1537079385821627
        },
        "9": {
          "n": 1696,
          "tp": 213,
          "recall": 0.12558962264150944,
          "fpr": 0.22209695603156707
        }
      }
    },
    "validation": {
      "disagr": {
        "s22": 0.9761213608957795,
        "s23": 0.9889896194999455,
        "s24": 0.8974722500278056,
        "s25": 1.151681136617006,
        "s26": 1.4321277602357647
      },
      "drift": {
        "s22": 1.907325000000002,
        "s23": 0.3883250000000036,
        "s24": 1.1686499999999977,
        "s25": 1.2299000000000042,
        "s26": 1.2788999999999966
      },
      "biases": {
        "s22": -0.11514999999999986,
        "s23": 0.4042500000000011,
        "s24": 0.17150000000000176,
        "s25": 0.04654999999999987,
        "s26": -0.4826499999999996
      },
      "corr": 0.5081799558353328,
      "outliers": {
        "22": {
          "n": 1663,
          "tp": 172,
          "recall": 0.10342754058929646,
          "fpr": 0.24202370100273474
        },
        "23": {
          "n": 3037,
          "tp": 608,
          "recall": 0.20019756338491934,
          "fpr": 0.033524121013900246
        },
        "24": {
          "n": 3091,
          "tp": 706,
          "recall": 0.228405046910385,
          "fpr": 0.08987827246956812
        },
        "25": {
          "n": 2481,
          "tp": 162,
          "recall": 0.06529625151148731,
          "fpr": 0.18506148474267498
        },
        "26": {
          "n": 2809,
          "tp": 386,
          "recall": 0.13741545033819866,
          "fpr": 0.23283346487766376
        }
      }
    }
  }
}