{
  "experiment_id": "EN1.1b",
  "parameters": {
    "global_seed": 42,
    "models": [
      "spacy",
      "flair",
      "stanza",
      "huggingface"
    ],
    "evidence_weight": 10,
    "margin_thresholds_F2": [
      0.02,
      0.05,
      0.08,
      0.1,
      0.15,
      0.2,
      0.3
    ],
    "disagreement_thresholds_H": [
      0.25,
      0.5,
      0.75
    ],
    "temperatures": {
      "spacy": 1.4986013774852953,
      "flair": 0.8405632704282081,
      "stanza": 1.1645013112798364,
      "huggingface": 1.6148206001584793
    },
    "model_weights": {
      "spacy": 0.15805232877196726,
      "flair": 0.3215717941672716,
      "stanza": 0.1978377066972462,
      "huggingface": 0.3225381703635149
    },
    "n_bootstrap": 1000
  },
  "metrics": {
    "individual_models_test": {
      "spacy": {
        "entity_f1": 0.46272130916272836,
        "entity_precision": 0.3845702896001876,
        "entity_recall": 0.5807365439093485,
        "token_accuracy": 0.8016797674168192,
        "token_f1_micro": 0.48057665328237625,
        "n_tokens": 46435,
        "entity_f1_ci": {
          "lower": 0.44765991787428683,
          "mean": 0.4628051957764761,
          "upper": 0.47853413709526565
        }
      },
      "flair": {
        "entity_f1": 0.9248033931253865,
        "entity_precision": 0.923090492150291,
        "entity_recall": 0.9265226628895185,
        "token_accuracy": 0.9853989447614946,
        "token_f1_micro": 0.9337833691316355,
        "n_tokens": 46435,
        "entity_f1_ci": {
          "lower": 0.9176067985037326,
          "mean": 0.9248865981491639,
          "upper": 0.9320015155508697
        }
      },
      "stanza": {
        "entity_f1": 0.5238482384823848,
        "entity_precision": 0.4242756804214223,
        "entity_recall": 0.6844900849858357,
        "token_accuracy": 0.826919349628513,
        "token_f1_micro": 0.5663366336633663,
        "n_tokens": 46435,
        "entity_f1_ci": {
          "lower": 0.51021436520468,
          "mean": 0.5238263432653087,
          "upper": 0.5383473018438005
        }
      },
      "huggingface": {
        "entity_f1": 0.9128791208791208,
        "entity_precision": 0.9065828531517374,
        "entity_recall": 0.9192634560906515,
        "token_accuracy": 0.9825347259610208,
        "token_f1_micro": 0.9244417252982563,
        "n_tokens": 46435,
        "entity_f1_ci": {
          "lower": 0.9044540939006741,
          "mean": 0.9128858440419074,
          "upper": 0.9209758580394617
        }
      }
    },
    "fusion_strategies": {
      "B_scalar_weighted": {
        "entity_f1": 0.9413118527042578,
        "entity_precision": 0.9412285360240751,
        "entity_recall": 0.9413951841359773,
        "token_accuracy": 0.9883493054807796,
        "token_f1_micro": 0.9499753573188763,
        "n_tokens": 46435,
        "entity_f1_ci": {
          "lower": 0.9348984125971227,
          "mean": 0.9414148266487421,
          "upper": 0.9479412330052096
        }
      },
      "D_stacking": {
        "entity_f1": 0.937494474405446,
        "entity_precision": 0.9362528695037966,
        "entity_recall": 0.9387393767705382,
        "token_accuracy": 0.9881339506837514,
        "token_f1_micro": 0.948605896473195,
        "n_tokens": 46435,
        "entity_f1_ci": {
          "lower": 0.9304391980123801,
          "mean": 0.9375872127182109,
          "upper": 0.9441341025187305
        }
      },
      "H_scalar_abstain": {
        "dis=0.25": {
          "entity_f1": 0.747190442442037,
          "entity_precision": 0.8725467013478364,
          "entity_recall": 0.6533286118980169,
          "token_accuracy": 0.9439646818132874,
          "token_f1_micro": 0.8058476163041912,
          "n_tokens": 46435,
          "abstention_rate": 0.23307849682351675,
          "n_abstained": 10823,
          "non_abstained_entity_f1": 0.9703278296243121,
          "non_abstained_entity_precision": 0.9668574153552695,
          "non_abstained_entity_recall": 0.9738232468780019,
          "entity_f1_ci": {
            "lower": 0.7349622423675629,
            "mean": 0.7473584416037332,
            "upper": 0.7600492121675195
          }
        },
        "dis=0.5": {
          "entity_f1": 0.8601682896851659,
          "entity_precision": 0.9229052546155406,
          "entity_recall": 0.8054178470254958,
          "token_accuracy": 0.9687304834715194,
          "token_f1_micro": 0.8937661135717591,
          "n_tokens": 46435,
          "abstention_rate": 0.10203510283191558,
          "n_abstained": 4738,
          "non_abstained_entity_f1": 0.9594470982823456,
          "non_abstained_entity_precision": 0.9601301871440195,
          "non_abstained_entity_recall": 0.9587649807028235,
          "entity_f1_ci": {
            "lower": 0.8509565177030083,
            "mean": 0.8602404091216785,
            "upper": 0.8695839140584775
          }
        },
        "dis=0.75": {
          "entity_f1": 0.9392373485388453,
          "entity_precision": 0.9453012912482066,
          "entity_recall": 0.9332507082152974,
          "token_accuracy": 0.9872509960159362,
          "token_f1_micro": 0.9479618386816999,
          "n_tokens": 46435,
          "abstention_rate": 0.0020674060514697967,
          "n_abstained": 96,
          "non_abstained_entity_f1": 0.9452754142409315,
          "non_abstained_entity_precision": 0.946886775524852,
          "non_abstained_entity_recall": 0.9436695278969958,
          "entity_f1_ci": {
            "lower": 0.9328437317136256,
            "mean": 0.9393423415391329,
            "upper": 0.945772588075489
          }
        }
      },
      "E2_sl_evidence_fuse": {
        "entity_f1": 0.9397418780596352,
        "entity_precision": 0.9448720243422231,
        "entity_recall": 0.9346671388101983,
        "token_accuracy": 0.9874663508129644,
        "token_f1_micro": 0.9474140064340509,
        "n_tokens": 46435,
        "entity_f1_ci": {
          "lower": 0.9332516032662993,
          "mean": 0.9398917851659478,
          "upper": 0.9467020310137231
        }
      },
      "G2_sl_evidence_trust": {
        "entity_f1": 0.9405386187894408,
        "entity_precision": 0.9443155452436195,
        "entity_recall": 0.9367917847025495,
        "token_accuracy": 0.987724776569398,
        "token_f1_micro": 0.9482854494902687,
        "n_tokens": 46435,
        "entity_f1_ci": {
          "lower": 0.933914516736289,
          "mean": 0.940695944539856,
          "upper": 0.9472749931363887
        }
      },
      "F2_sl_abstain": {
        "margin=0.02": {
          "entity_f1": 0.9388591800356506,
          "entity_precision": 0.9452620244077531,
          "entity_recall": 0.9325424929178471,
          "token_accuracy": 0.9871433186174222,
          "token_f1_micro": 0.9469574916346511,
          "n_tokens": 46435,
          "abstention_rate": 0.0010337030257348983,
          "n_abstained": 48,
          "non_abstained_entity_f1": 0.942038045905153,
          "non_abstained_entity_precision": 0.9466882067851373,
          "non_abstained_entity_recall": 0.9374333451830785,
          "entity_f1_ci": {
            "lower": 0.9322777779741842,
            "mean": 0.9390168754990784,
            "upper": 0.9457237525740652
          }
        },
        "margin=0.05": {
          "entity_f1": 0.9381305240603518,
          "entity_precision": 0.946155231406447,
          "entity_recall": 0.9302407932011332,
          "token_accuracy": 0.9867987509421773,
          "token_f1_micro": 0.9464341133387126,
          "n_tokens": 46435,
          "abstention_rate": 0.0018951222138473135,
          "n_abstained": 88,
          "non_abstained_entity_f1": 0.9436973283127128,
          "non_abstained_entity_precision": 0.9482882882882883,
          "non_abstained_entity_recall": 0.9391506067094932,
          "entity_f1_ci": {
            "lower": 0.931690442147697,
            "mean": 0.9382567732263742,
            "upper": 0.9450308258382284
          }
        },