{
  "experiment_id": "EN1.1c-ExpC",
  "parameters": {
    "global_seed": 42,
    "subsets": {
      "S1_top2_strong": [
        "flair",
        "huggingface"
      ],
      "S2_2strong_1weak_spacy": [
        "flair",
        "huggingface",
        "spacy"
      ],
      "S3_2strong_1weak_stanza": [
        "flair",
        "huggingface",
        "stanza"
      ],
      "S4_2strong_1weak_gliner2": [
        "flair",
        "huggingface",
        "gliner2"
      ],
      "S5_original_4model": [
        "spacy",
        "flair",
        "stanza",
        "huggingface"
      ],
      "S6_all_5model": [
        "spacy",
        "flair",
        "stanza",
        "huggingface",
        "gliner2"
      ]
    },
    "evidence_weight": 10,
    "temperatures": {
      "spacy": 1.4986016321379938,
      "flair": 0.8405652158126985,
      "stanza": 1.1645039186132486,
      "huggingface": 1.614820219527908,
      "gliner2": 9.818232260756554
    },
    "dev_f1s": {
      "spacy": 0.46624542733621543,
      "flair": 0.9486185983827493,
      "stanza": 0.5836100411741266,
      "huggingface": 0.9514693534844668,
      "gliner2": 0.5248928453676228
    },
    "n_bootstrap": 1000,
    "gliner2_calibration": "entity-only",
    "gliner2_o_confidence": 0.95
  },
  "metrics": {
    "subset_results": {
      "S1_top2_strong": {
        "models": [
          "flair",
          "huggingface"
        ],
        "n_models": 2,
        "B_scalar_weighted": {
          "entity_f1": 0.928169014084507,
          "entity_precision": 0.9229691876750701,
          "entity_recall": 0.93342776203966,
          "entity_f1_ci": {
            "lower": 0.9209085594648975,
            "mean": 0.9283149465991273,
            "upper": 0.9352748949079406
          }
        },
        "D_stacking": {
          "entity_f1": 0.9375442321302194,
          "entity_precision": 0.9368811881188119,
          "entity_recall": 0.9382082152974505,
          "entity_f1_ci": {
            "lower": 0.9306438265452318,
            "mean": 0.9376008993054656,
            "upper": 0.9439560742106761
          }
        },
        "E2_sl_evidence": {
          "entity_f1": 0.9290368022539179,
          "entity_precision": 0.9239929947460596,
          "entity_recall": 0.9341359773371105,
          "entity_f1_ci": {
            "lower": 0.9216974073672921,
            "mean": 0.9291812866337543,
            "upper": 0.9357674533746959
          }
        },
        "G2_sl_trust": {
          "entity_f1": 0.9286971830985915,
          "entity_precision": 0.9234943977591037,
          "entity_recall": 0.9339589235127479,
          "entity_f1_ci": {
            "lower": 0.9215075981062073,
            "mean": 0.9288417971045481,
            "upper": 0.9354788055892979
          }
        },
        "delta_E2_vs_B": {
          "f1": 0.0008677881694109102,
          "precision": 0.0010238070709894798
        },
        "delta_G2_vs_B": {
          "f1": 0.0005281690140844786,
          "precision": 0.0005252100840336116
        },
        "trust_benefit": {
          "f1": -0.0003396191553264316,
          "precision": -0.0004985969869558682
        },
        "weak_count": 0,
        "strong_count": 2,
        "wall_time_seconds": 221.5
      },
      "S2_2strong_1weak_spacy": {
        "models": [
          "flair",
          "huggingface",
          "spacy"
        ],
        "n_models": 3,
        "B_scalar_weighted": {
          "entity_f1": 0.9403645372500442,
          "entity_precision": 0.9398655818889282,
          "entity_recall": 0.9408640226628895,
          "entity_f1_ci": {
            "lower": 0.933768393926457,
            "mean": 0.9405078540483233,
            "upper": 0.9469370344553804
          }
        },
        "D_stacking": {
          "entity_f1": 0.9381251659732672,
          "entity_precision": 0.9380421313506815,
          "entity_recall": 0.9382082152974505,
          "entity_f1_ci": {
            "lower": 0.9311813330104678,
            "mean": 0.9382016318090188,
            "upper": 0.9445141705268528
          }
        },
        "E2_sl_evidence": {
          "entity_f1": 0.9392490258590153,
          "entity_precision": 0.9395818568391212,
          "entity_recall": 0.9389164305949008,
          "entity_f1_ci": {
            "lower": 0.9326516607942484,
            "mean": 0.9393897183655108,
            "upper": 0.945860404904593
          }
        },
        "G2_sl_trust": {
          "entity_f1": 0.9391873948835975,
          "entity_precision": 0.9391042662418128,
          "entity_recall": 0.939270538243626,
          "entity_f1_ci": {
            "lower": 0.9324129892369466,
            "mean": 0.9393245538453177,
            "upper": 0.9457762101597806
          }
        },
        "delta_E2_vs_B": {
          "f1": -0.001115511391028945,
          "precision": -0.0002837250498070043
        },
        "delta_G2_vs_B": {
          "f1": -0.0011771423664467262,
          "precision": -0.000761315647115457
        },
        "trust_benefit": {
          "f1": -6.163097541778129e-05,
          "precision": -0.00047759059730845266
        },
        "weak_count": 1,
        "strong_count": 2,
        "wall_time_seconds": 230.6
      },
      "S3_2strong_1weak_stanza": {
        "models": [
          "flair",
          "huggingface",
          "stanza"
        ],
        "n_models": 3,
        "B_scalar_weighted": {
          "entity_f1": 0.9389920424403184,
          "entity_precision": 0.9378311550688803,
          "entity_recall": 0.9401558073654391,
          "entity_f1_ci": {
            "lower": 0.9324441898601695,
            "mean": 0.9390995465391352,
            "upper": 0.9456684154080128
          }
        },
        "D_stacking": {
          "entity_f1": 0.938334955321596,
          "entity_precision": 0.9377541998231653,
          "entity_recall": 0.9389164305949008,
          "entity_f1_ci": {
            "lower": 0.9315560400828048,
            "mean": 0.9384443748775522,
            "upper": 0.9450493467170293
          }
        },
        "E2_sl_evidence": {
          "entity_f1": 0.9386166637183795,
          "entity_precision": 0.9377872039589961,
          "entity_recall": 0.9394475920679887,
          "entity_f1_ci": {
            "lower": 0.9321952359654364,
            "mean": 0.9386953280489808,
            "upper": 0.945134848642912
          }
        },
        "G2_sl_trust": {
          "entity_f1": 0.9385336517201733,
          "entity_precision": 0.9376214878953879,
          "entity_recall": 0.9394475920679887,
          "entity_f1_ci": {
            "lower": 0.9320167008508627,
            "mean": 0.9386149971631329,
            "upper": 0.9451842443060429
          }
        },
        "delta_E2_vs_B": {
          "f1": -0.00037537872193893485,
          "precision": -4.395110988419937e-05
        },
        "delta_G2_vs_B": {
          "f1": -0.0004583907201450854,
          "precision": -0.00020966717349235608
        },
        "trust_benefit": {
          "f1": -8.301199820615057e-05,
          "precision": -0.00016571606360815672
        },
        "weak_count": 1,
        "strong_count": 2,
        "wall_time_seconds": 225.3
      },
      "S4_2strong_1weak_gliner2": {
        "models": [
          "flair",
          "huggingface",
          "gliner2"
        ],
        "n_models": 3,
        "B_scalar_weighted": {
          "entity_f1": 0.9405652901294356,
          "entity_precision": 0.9355403748467332,
          "entity_recall": 0.9456444759206799,
          "entity_f1_ci": {
            "lower": 0.9338027728819176,
            "mean": 0.9406956278093719,
            "upper": 0.9469012699629594
          }
        },
        "D_stacking": {
          "entity_f1": 0.9343799611924503,
          "entity_precision": 0.9309314586994728,
          "entity_recall": 0.9378541076487252,
          "entity_f1_ci": {
            "lower": 0.9272808549734004,
            "mean": 0.9344869124255715,