{
  "experiment_id": "EN1.5-supp",
  "experiment_name": "Prior Weight Sweep",
  "timestamp": "20260313_195228",
  "config": {
    "prior_weights": [
      1,
      2,
      5,
      10,
      20
    ],
    "n_values": [
      5,
      10,
      50,
      100,
      1000
    ],
    "n_reps": 1000,
    "seed": 42,
    "n_datasets": 16,
    "total_edges": 1902
  },
  "environment": {
    "python_version": "3.12.2",
    "platform": "Windows-11-10.0.26200-SP0",
    "os": "Windows",
    "cpu": "Intel64 Family 6 Model 183 Stepping 1, GenuineIntel",
    "ram_gb": 95.71,
    "jsonld_ex_version": "0.7.0",
    "numpy_version": "2.4.3",
    "gpu": "NVIDIA GeForce RTX 4090 Laptop GPU"
  },
  "results": {
    "1": {
      "5": {
        "scalar_mae": 0.022789470577758257,
        "sl_mae": 0.01898742799586604,
        "scalar_ece": 0.006651370511812753,
        "sl_ece": 0.005409062427698974,
        "scalar_brier": 0.14236747594675034,
        "sl_brier": 0.14169460873090073,
        "delta_mae": 0.003802042581892217,
        "predicted_reduction_pct": 16.666666666666664,
        "actual_reduction_pct": 16.683330000666537,
        "n_trials": 1902000
      },
      "10": {
        "scalar_mae": 0.016183428825081333,
        "sl_mae": 0.0147092661695673,
        "scalar_ece": 0.0038050029975170807,
        "sl_ece": 0.0030594720533675124,
        "scalar_brier": 0.14108021076453225,
        "sl_brier": 0.1408887244559842,
        "delta_mae": 0.001474162655514033,
        "predicted_reduction_pct": 9.090909090909092,
        "actual_reduction_pct": 9.10908727345439,
        "n_trials": 1902000
      },
      "50": {
        "scalar_mae": 0.007259321414113588,
        "sl_mae": 0.007115558666809372,
        "scalar_ece": 0.0016809562828965364,
        "sl_ece": 0.0016430431378348937,
        "scalar_brier": 0.14017477195957526,
        "sl_brier": 0.1401660957311885,
        "delta_mae": 0.0001437627473042163,
        "predicted_reduction_pct": 1.9607843137254901,
        "actual_reduction_pct": 1.9803882360782714,
        "n_trials": 1902000
      },
      "100": {
        "scalar_mae": 0.0051365016740228505,
        "sl_mae": 0.005084628296145576,
        "scalar_ece": 0.000984856363738416,
        "sl_ece": 0.0009349379203388514,
        "scalar_brier": 0.14002286194891891,
        "sl_brier": 0.14002069238541284,
        "delta_mae": 5.187337787727463e-05,
        "predicted_reduction_pct": 0.9900990099009901,
        "actual_reduction_pct": 1.0098970304948423,
        "n_trials": 1902000
      },
      "1000": {
        "scalar_mae": 0.0016220314107731294,
        "sl_mae": 0.001620086982376881,
        "scalar_ece": 0.0006649090796487652,
        "sl_ece": 0.0006666185625009861,
        "scalar_brier": 0.14005754705318718,
        "sl_brier": 0.14005752269647204,
        "delta_mae": 1.944428396248414e-06,
        "predicted_reduction_pct": 0.0999000999000999,
        "actual_reduction_pct": 0.11987612467514526,
        "n_trials": 1902000
      }
    },
    "2": {
      "5": {
        "scalar_mae": 0.022797811882246173,
        "sl_mae": 0.016280895165428466,
        "scalar_ece": 0.006451077067250019,
        "sl_ece": 0.0037821450736270986,
        "scalar_brier": 0.14211241533323762,
        "sl_brier": 0.14103275380326874,
        "delta_mae": 0.006516916716817707,
        "predicted_reduction_pct": 28.57142857142857,
        "actual_reduction_pct": 28.585711429142748,
        "n_trials": 1902000
      },
      "10": {
        "scalar_mae": 0.01621144145249999,
        "sl_mae": 0.013506833177114569,
        "scalar_ece": 0.0032915972346995548,
        "sl_ece": 0.002259136817376856,
        "scalar_brier": 0.14076669596548577,
        "sl_brier": 0.14043533580725237,
        "delta_mae": 0.00270460827538542,
        "predicted_reduction_pct": 16.666666666666664,
        "actual_reduction_pct": 16.683330000666526,
        "n_trials": 1902000
      },
      "50": {
        "scalar_mae": 0.007264658761025171,
        "sl_mae": 0.006983852038270396,
        "scalar_ece": 0.001384387148688581,
        "sl_ece": 0.0013549504543243893,
        "scalar_brier": 0.14009457256256835,
        "sl_brier": 0.14007830215162195,
        "delta_mae": 0.00028080672275477506,
        "predicted_reduction_pct": 3.8461538461538463,
        "actual_reduction_pct": 3.865380769999833,
        "n_trials": 1902000
      },
      "100": {
        "scalar_mae": 0.0051238730102534415,
        "sl_mae": 0.0050224004319267945,
        "scalar_ece": 0.001070193119851888,
        "sl_ece": 0.0010561050324549646,
        "scalar_brier": 0.1403716536810331,
        "sl_brier": 0.14036725736854289,
        "delta_mae": 0.00010147257832664701,
        "predicted_reduction_pct": 1.9607843137254901,
        "actual_reduction_pct": 1.9803882360782374,
        "n_trials": 1902000
      },
      "1000": {
        "scalar_mae": 0.0016211071087469647,
        "sl_mae": 0.0016175478564436462,
        "scalar_ece": 0.0005234394061918109,
        "sl_ece": 0.0005231031983152962,
        "scalar_brier": 0.13988626940043525,
        "sl_brier": 0.13988621468635654,
        "delta_mae": 3.5592523033184126e-06,
        "predicted_reduction_pct": 0.19960079840319359,
        "actual_reduction_pct": 0.21955688702577697,
        "n_trials": 1902000
      }
    },
    "5": {
      "5": {
        "scalar_mae": 0.022741306278235833,
        "sl_mae": 0.011368379463225274,
        "scalar_ece": 0.006891669425131358,
        "sl_ece": 0.002134086321512498,
        "scalar_brier": 0.14232922116319868,
        "sl_brier": 0.1407047571854538,
        "delta_mae": 0.01137292681501056,
        "predicted_reduction_pct": 50.0,
        "actual_reduction_pct": 50.00999800039991,
        "n_trials": 1902000
      },
      "10": {
        "scalar_mae": 0.016171128891103705,
        "sl_mae": 0.0107785968746942,
        "scalar_ece": 0.0029381865342912416,
        "sl_ece": 0.0018305125619256554,
        "scalar_brier": 0.14092763965245722,
        "sl_brier": 0.14033061653009457,
        "delta_mae": 0.005392532016409504,
        "predicted_reduction_pct": 33.33333333333333,
        "actual_reduction_pct": 33.34666400053321,
        "n_trials": 1902000
      },
      "50": {
        "scalar_mae": 0.007274577860119886,
        "sl_mae": 0.0066119302140661765,
        "scalar_ece": 0.0016303308415517362,
        "sl_ece": 0.0014582342157238087,
        "scalar_brier": 0.1404711700909194,
        "sl_brier": 0.14043139710528457,
        "delta_mae": 0.0006626476460537094,
        "predicted_reduction_pct": 9.090909090909092,
        "actual_reduction_pct": 9.109087273454366,
        "n_trials": 1902000
      },
      "100": {
        "scalar_mae": 0.005126508523833348,
        "sl_mae": 0.004881412787759924,
        "scalar_ece": 0.0009804666375813871,
        "sl_ece": 0.0009132481470474916,
        "scalar_brier": 0.140165718789659,
        "sl_brier": 0.14015521045245372,
        "delta_mae": 0.0002450957360734243,
        "predicted_reduction_pct": 4.761904761904762,
        "actual_reduction_pct": 4.780948572190296,
        "n_trials": 1902000
      },
      "1000": {
        "scalar_mae": 0.0016234511968694874,
        "sl_mae": 0.0016150513149802749,
        "scalar_ece": 0.0006641549631481167,
        "sl_ece": 0.0006615235756100046,
        "scalar_brier": 0.14005568289101006,
        "sl_brier": 0.1400555685049003,
        "delta_mae": 8.399881889212561e-06,
        "predicted_reduction_pct": 0.4975124378109453,
        "actual_reduction_pct": 0.5174089560197506,
        "n_trials": 1902000
      }
    },
    "10": {
      "5": {
        "scalar_mae": 0.02271571150063038,
        "sl_mae": 0.007570389755592342,
        "scalar_ece": 0.0066421682536882,
        "sl_ece": 0.0016802450994991933,
        "scalar_brier": 0.14243637949362073,
        "sl_brier": 0.14049679801822523,
        "delta_mae": 0.015145321745038038,
        "predicted_reduction_pct": 66.66666666666666,