{
  "experiment_id": "EN3.4-hybrid",
  "parameters": {
    "seed": 42,
    "method": "intersection+conflict"
  },
  "metrics": {
    "bc5cdr": {
      "dataset": "BC5CDR",
      "conditions": {
        "B1: GLiNER2": {
          "p": 0.7242378810594703,
          "r": 0.7387093485574472,
          "f1": 0.7314020389623499,
          "tp": 7246,
          "fp": 2759,
          "fn": 2563
        },
        "B2: BioMed": {
          "p": 0.7115632480206223,
          "r": 0.7879498419818534,
          "f1": 0.7478109428668183,
          "tp": 7729,
          "fp": 3133,
          "fn": 2080
        },
        "B3: Union": {
          "p": 0.6587081982765436,
          "r": 0.849423998368845,
          "f1": 0.74200730252026,
          "tp": 8332,
          "fp": 4317,
          "fn": 1477
        },
        "B4: Intersection": {
          "p": 0.7902165977123388,
          "r": 0.6620450606585788,
          "f1": 0.7204748432906195,
          "tp": 6494,
          "fp": 1724,
          "fn": 3315
        },
        "B5: Scalar Avg": {
          "p": 0.7198465425283054,
          "r": 0.7842797430930778,
          "f1": 0.7506830601092895,
          "tp": 7693,
          "fp": 2994,
          "fn": 2116
        },
        "SL: Per-bin": {
          "p": 0.7236694152923538,
          "r": 0.7873381588337242,
          "f1": 0.7541623944143353,
          "tp": 7723,
          "fp": 2949,
          "fn": 2086
        },
        "HYBRID": {
          "p": 0.7902165977123388,
          "r": 0.6620450606585788,
          "f1": 0.7204748432906195,
          "tp": 6494,
          "fp": 1724,
          "fn": 3315
        }
      },
      "hybrid_vs_intersection": {
        "diff": 0.0,
        "ci_lo": 0.0,
        "ci_hi": 0.0,
        "verdict": "INCONCLUSIVE"
      },
      "hybrid_vs_best": {
        "best": "B5: Scalar Avg",
        "diff": -0.03020821681867003,
        "ci_lo": -0.03775402483753877,
        "ci_hi": -0.02608853464182388,
        "verdict": "REJECTED"
      },
      "thresholds": {
        "g2": 0.7,
        "bm": 0.7,
        "hybrid_ct": 0.5
      }
    },
    "medmentions": {
      "dataset": "MedMentions-corrected",
      "conditions": {
        "B1: GLiNER2": {
          "p": 0.3312645461598138,
          "r": 0.5972027972027972,
          "f1": 0.42614770459081835,
          "tp": 854,
          "fp": 1724,
          "fn": 576
        },
        "B2: BioMed": {
          "p": 0.3016073116924047,
          "r": 0.6692307692307692,
          "f1": 0.41581577232239847,
          "tp": 957,
          "fp": 2216,
          "fn": 473
        },
        "B3: Union": {
          "p": 0.2658761528326746,
          "r": 0.7055944055944056,
          "f1": 0.3862200956937799,
          "tp": 1009,
          "fp": 2786,
          "fn": 421
        },
        "B4: Intersection": {
          "p": 0.4176891615541922,
          "r": 0.5713286713286714,
          "f1": 0.48257531010041343,
          "tp": 817,
          "fp": 1139,
          "fn": 613
        },
        "B5: Scalar Avg": {
          "p": 0.2658761528326746,
          "r": 0.7055944055944056,
          "f1": 0.3862200956937799,
          "tp": 1009,
          "fp": 2786,
          "fn": 421
        },
        "SL: Per-bin": {
          "p": 0.28963210702341136,
          "r": 0.6055944055944056,
          "f1": 0.3918552036199095,
          "tp": 866,
          "fp": 2124,
          "fn": 564
        },
        "HYBRID": {
          "p": 0.5716768027801912,
          "r": 0.46013986013986014,
          "f1": 0.5098798915149167,
          "tp": 658,
          "fp": 493,
          "fn": 772
        }
      },
      "hybrid_vs_intersection": {
        "diff": 0.027304581414503315,
        "ci_lo": 0.016855424653328923,
        "ci_hi": 0.04827993313162561,
        "verdict": "ACCEPTED"
      },
      "hybrid_vs_best": {
        "best": "B4: Intersection",
        "diff": 0.027304581414503315,
        "ci_lo": 0.016855424653328923,
        "ci_hi": 0.04827993313162561,
        "verdict": "ACCEPTED"
      },
      "thresholds": {
        "g2": 0.3,
        "bm": 0.3,
        "hybrid_ct": 0.2
      }
    }
  },
  "timestamp": "2026-04-29T18:29:13.452515+00:00",
  "raw_data": null,
  "environment": {
    "python_version": "3.12.2",
    "platform": "Windows-11-10.0.26200-SP0",
    "os": "Windows",
    "cpu": "Intel64 Family 6 Model 183 Stepping 1, GenuineIntel",
    "ram_gb": 95.71,
    "jsonld_ex_version": "0.7.1",
    "numpy_version": "2.4.4",
    "gpu": "NVIDIA GeForce RTX 4090 Laptop GPU"
  },
  "notes": null
}