{
  "experiment_id": "EN3.4-MedMentions",
  "parameters": {
    "seed": 42,
    "dataset": "MedMentions-ST21pv",
    "n_groups": 7,
    "n_original_types": 21,
    "u_gliner2": 0.3151739377090545,
    "u_biomed": 0.2885996701995146
  },
  "metrics": {
    "dataset": "MedMentions-ST21pv",
    "conditions": {
      "B1: GLiNER2": {
        "precision": 0.12661381653454135,
        "recall": 0.39090909090909093,
        "f1": 0.1912745936698033,
        "tp": 559,
        "fp": 3856,
        "fn": 871
      },
      "B2: BioMed": {
        "precision": 0.1750990906971322,
        "recall": 0.5251748251748252,
        "f1": 0.26263332750480856,
        "tp": 751,
        "fp": 3538,
        "fn": 679
      },
      "B3: Union": {
        "precision": 0.14237826393789696,
        "recall": 0.5643356643356643,
        "f1": 0.22738799661876583,
        "tp": 807,
        "fp": 4861,
        "fn": 623
      },
      "B4: Intersection": {
        "precision": 0.1663372859025033,
        "recall": 0.3531468531468531,
        "f1": 0.22615315718763992,
        "tp": 505,
        "fp": 2531,
        "fn": 925
      },
      "B5: Scalar Avg": {
        "precision": 0.17792932424054556,
        "recall": 0.4013986013986014,
        "f1": 0.24656357388316152,
        "tp": 574,
        "fp": 2652,
        "fn": 856
      },
      "SL: Fusion": {
        "precision": 0.15682371156823713,
        "recall": 0.4958041958041958,
        "f1": 0.23827928079314403,
        "tp": 709,
        "fp": 3812,
        "fn": 721
      }
    },
    "best_baseline": "B2: BioMed",
    "sl_f1_minus_best": -0.024354046711664523,
    "cohens_h": -0.05622388338635864,
    "bootstrap_ci_sl_vs_best": {
      "lower": -0.029600279696136024,
      "mean": -0.022101957447654655,
      "upper": -0.014544467083202107
    },
    "bootstrap_ci_sl_vs_scalar": {
      "lower": -0.013473223683764756,
      "mean": -0.004518483289958273,
      "upper": 0.004671222748631473
    },
    "bootstrap_ci_biomed_vs_gliner2": {
      "lower": 0.06234070575197522,
      "upper": 0.08773739694842095
    },
    "abstention_count": 369,
    "abstention_error_rate": 0.8970189701897019,
    "accepted_error_rate": 0.8431762884317628,
    "conflict_error_rho": 0.22109559769818585,
    "conflict_error_p": 1.4655988704610567e-37,
    "thresholds": {
      "gliner2": 0.3,
      "biomed": 0.4,
      "scalar": 0.7,
      "sl_accept": 0.5,
      "sl_abstain": 0.7
    },
    "hypotheses": {
      "H3.4a_fusion_improves": "REJECTED",
      "H3.4b_sl_beats_scalar": "INCONCLUSIVE",
      "H3.4c_conflict_error": "REJECTED",
      "H3.4d_specialist_wins": "ACCEPTED",
      "H3.4f_abstention_targets_errors": true
    },
    "holm_bonferroni": [
      {
        "p_value": 0.5,
        "reject": false,
        "adjusted_alpha": 0.05
      },
      {
        "p_value": 1.4655988704610567e-37,
        "reject": true,
        "adjusted_alpha": 0.016666666666666666
      },
      {
        "p_value": 0.001,
        "reject": true,
        "adjusted_alpha": 0.025
      }
    ]
  },
  "timestamp": "2026-04-29T15:23:31.330585+00:00",
  "raw_data": null,
  "environment": {
    "python_version": "3.12.2",
    "platform": "Windows-11-10.0.26200-SP0",
    "os": "Windows",
    "cpu": "Intel64 Family 6 Model 183 Stepping 1, GenuineIntel",
    "ram_gb": 95.71,
    "jsonld_ex_version": "0.7.1",
    "numpy_version": "2.4.4",
    "gpu": "NVIDIA GeForce RTX 4090 Laptop GPU"
  },
  "notes": null
}