{
  "experiment": "EN4.2",
  "timestamp": "2026-05-03T15:00:08.550112+00:00",
  "seed": 42,
  "n_bootstrap": 2000,
  "phase_b": {
    "dataset": "BC5CDR",
    "n_gold": 9809,
    "n_sentences": 5865,
    "conditions": {
      "C1_ds_classical": {
        "P": 0.573936484976001,
        "R": 0.8898970333367315,
        "F1": 0.697817571348629,
        "tp": 8729,
        "fp": 6480,
        "fn": 1080,
        "n_accepted": 15209
      },
      "C2_ds_base_rate": {
        "P": 0.569811320754717,
        "R": 0.8928535018860231,
        "F1": 0.6956590809801819,
        "tp": 8758,
        "fp": 6612,
        "fn": 1051,
        "n_accepted": 15370
      },
      "C3_yager": {
        "P": 0.573936484976001,
        "R": 0.8898970333367315,
        "F1": 0.697817571348629,
        "tp": 8729,
        "fp": 6480,
        "fn": 1080,
        "n_accepted": 15209
      },
      "C4_sl_cumulative": {
        "P": 0.569811320754717,
        "R": 0.8928535018860231,
        "F1": 0.6956590809801819,
        "tp": 8758,
        "fp": 6612,
        "fn": 1051,
        "n_accepted": 15370
      },
      "C5_sl_averaging": {
        "P": 0.569811320754717,
        "R": 0.8928535018860231,
        "F1": 0.6956590809801819,
        "tp": 8758,
        "fp": 6612,
        "fn": 1051,
        "n_accepted": 15370
      }
    },
    "bootstrap_ci": {
      "comparison": "SL_cumulative - DS_classical",
      "mean_diff": -0.00181431825567124,
      "ci_lower": -0.002585371018641908,
      "ci_upper": -0.0009738541851641642,
      "significant": true
    },
    "base_rate_sweep": {
      "0.1": {
        "F1": 0.6962644707005609,
        "P": 0.5709159707724426,
        "R": 0.8921398715465388
      },
      "0.2": {
        "F1": 0.6957247298156389,
        "P": 0.5700240901100332,
        "R": 0.8925476603119584
      },
      "0.3": {
        "F1": 0.6956590809801819,
        "P": 0.569811320754717,
        "R": 0.8928535018860231
      },
      "0.5": {
        "F1": 0.6956590809801819,
        "P": 0.569811320754717,
        "R": 0.8928535018860231
      },
      "0.638": {
        "F1": 0.6956590809801819,
        "P": 0.569811320754717,
        "R": 0.8928535018860231
      },
      "0.7": {
        "F1": 0.6956590809801819,
        "P": 0.569811320754717,
        "R": 0.8928535018860231
      }
    },
    "empirical_prior": 0.6381912817176317
  }
}