{
  "experiment": "EN4.2",
  "timestamp": "2026-05-03T15:41:59.510466+00:00",
  "seed": 42,
  "n_bootstrap": 2000,
  "phase_c": {
    "dataset": "MedMentions-corrected",
    "n_gold_test": 1430,
    "n_sent_test": 1048,
    "n_sent_dev": 1289,
    "conditions": {
      "C1_ds_classical": {
        "P": 0.3097545219638243,
        "R": 0.6706293706293707,
        "F1": 0.4237737516570924,
        "tp": 959,
        "fp": 2137,
        "fn": 471,
        "n_accepted": 3096,
        "dev_threshold": 0.5,
        "threshold_source": "bc5cdr_transfer"
      },
      "C2_ds_base_rate": {
        "P": 0.3097545219638243,
        "R": 0.6706293706293707,
        "F1": 0.4237737516570924,
        "tp": 959,
        "fp": 2137,
        "fn": 471,
        "n_accepted": 3096,
        "dev_threshold": 0.5,
        "threshold_source": "bc5cdr_transfer"
      },
      "C3_yager": {
        "P": 0.3097545219638243,
        "R": 0.6706293706293707,
        "F1": 0.4237737516570924,
        "tp": 959,
        "fp": 2137,
        "fn": 471,
        "n_accepted": 3096,
        "dev_threshold": 0.5,
        "threshold_source": "bc5cdr_transfer"
      },
      "C4_sl_cumulative": {
        "P": 0.31217277486910994,
        "R": 0.6671328671328671,
        "F1": 0.4253232278198841,
        "tp": 954,
        "fp": 2102,
        "fn": 476,
        "n_accepted": 3056,
        "dev_threshold": 0.5,
        "threshold_source": "bc5cdr_transfer"
      },
      "C5_sl_averaging": {
        "P": 0.31217277486910994,
        "R": 0.6671328671328671,
        "F1": 0.4253232278198841,
        "tp": 954,
        "fp": 2102,
        "fn": 476,
        "n_accepted": 3056,
        "dev_threshold": 0.5,
        "threshold_source": "bc5cdr_transfer"
      }
    },
    "bootstrap_ci": [
      {
        "comparison": "C4_sl_cumulative - C1_ds_classical",
        "mean_diff": 0.0018109839270514165,
        "ci_lower": 8.042726312487564e-05,
        "ci_upper": 0.003472941587905882,
        "significant": true,
        "cohens_h": 0.0031348522189762473
      },
      {
        "comparison": "C4_sl_cumulative - C2_ds_base_rate",
        "mean_diff": 0.0018109839270514165,
        "ci_lower": 8.042726312487564e-05,
        "ci_upper": 0.003472941587905882,
        "significant": true,
        "cohens_h": 0.0031348522189762473
      },
      {
        "comparison": "C2_ds_base_rate - C1_ds_classical",
        "mean_diff": 0.0,
        "ci_lower": 0.0,
        "ci_upper": 0.0,
        "significant": false,
        "cohens_h": 0.0
      }
    ],
    "base_rate_sweep": {
      "0.05": {
        "F1": 0.4302807179015186,
        "P": 0.32064471879286693,
        "R": 0.6538461538461539
      },
      "0.1": {
        "F1": 0.429551692589204,
        "P": 0.3191706322229776,
        "R": 0.6566433566433566
      },
      "0.15": {
        "F1": 0.4283113336367775,
        "P": 0.317476383265857,
        "R": 0.6580419580419581
      },
      "0.2": {
        "F1": 0.4285714285714286,
        "P": 0.31711409395973156,
        "R": 0.6608391608391608
      },
      "0.3": {
        "F1": 0.427927927927928,
        "P": 0.31561461794019935,
        "R": 0.6643356643356644
      },
      "0.377": {
        "F1": 0.42671447781264005,
        "P": 0.31398416886543534,
        "R": 0.6657342657342658
      },
      "0.4": {
        "F1": 0.42697132616487454,
        "P": 0.3141067897165458,
        "R": 0.6664335664335664
      },
      "0.5": {
        "F1": 0.4253232278198841,
        "P": 0.31217277486910994,
        "R": 0.6671328671328671
      },
      "0.6": {
        "F1": 0.4253433761630483,
        "P": 0.311284046692607,
        "R": 0.6713286713286714
      },
      "0.7": {
        "F1": 0.42434936038817817,
        "P": 0.30992268041237114,
        "R": 0.6727272727272727
      },
      "0.8": {
        "F1": 0.4223684210526316,
        "P": 0.307667731629393,
        "R": 0.6734265734265734
      }
    },
    "empirical_prior": 0.37681159420289856,
    "conflict_quartiles": {
      "Q1_low": {
        "n": 489,
        "K_range": [
          0.0,
          0.028650557123955457
        ],
        "pct_correct": 0.7627811860940695,
        "ds_precision": 0.7627811860940695,
        "sl_precision": 0.7627811860940695
      },
      "Q2": {
        "n": 489,
        "K_range": [
          0.028650557123955457,
          0.07448967900163464
        ],
        "pct_correct": 0.4601226993865031,
        "ds_precision": 0.4601226993865031,
        "sl_precision": 0.4601226993865031
      },
      "Q3": {
        "n": 489,
        "K_range": [
          0.07448967900163464,
          0.16472468594113257
        ],
        "pct_correct": 0.1983640081799591,
        "ds_precision": 0.1983640081799591,
        "sl_precision": 0.1983640081799591
      },
      "Q4_high": {
        "n": 489,
        "K_range": [
          0.16472468594113257,
          1.0
        ],
        "pct_correct": 0.1656441717791411,
        "ds_precision": 0.17297297297297298,
        "sl_precision": 0.18181818181818182
      }
    }
  }
}