{
  "experiment": "EN4.2",
  "timestamp": "2026-05-02T16:45:43.418016+00:00",
  "seed": 42,
  "n_bootstrap": 2000,
  "phase_b": {
    "dataset": "BC5CDR",
    "n_gold": 9809,
    "n_sentences": 5865,
    "conditions": {
      "C1_ds_classical": {
        "P": 0.4094286277861792,
        "R": 0.6348251605668264,
        "F1": 0.4978015828603405,
        "tp": 6227,
        "fp": 8982,
        "fn": 3582,
        "n_accepted": 15209
      },
      "C2_ds_base_rate": {
        "P": 0.4067013662979831,
        "R": 0.6372718931593434,
        "F1": 0.4965248818459827,
        "tp": 6251,
        "fp": 9119,
        "fn": 3558,
        "n_accepted": 15370
      },
      "C3_yager": {
        "P": 0.4094286277861792,
        "R": 0.6348251605668264,
        "F1": 0.4978015828603405,
        "tp": 6227,
        "fp": 8982,
        "fn": 3582,
        "n_accepted": 15209
      },
      "C4_sl_cumulative": {
        "P": 0.4067013662979831,
        "R": 0.6372718931593434,
        "F1": 0.4965248818459827,
        "tp": 6251,
        "fp": 9119,
        "fn": 3558,
        "n_accepted": 15370
      },
      "C5_sl_averaging": {
        "P": 0.4067013662979831,
        "R": 0.6372718931593434,
        "F1": 0.4965248818459827,
        "tp": 6251,
        "fp": 9119,
        "fn": 3558,
        "n_accepted": 15370
      }
    },
    "bootstrap_ci": {
      "comparison": "SL_cumulative - DS_classical",
      "mean_diff": -0.0005204266672182021,
      "ci_lower": -0.0007998836616711025,
      "ci_upper": -0.00017726132426561724,
      "significant": true
    },
    "base_rate_sweep": {
      "0.1": {
        "F1": 0.49687711341846685,
        "P": 0.4074243215031315,
        "R": 0.6366602100112142
      },
      "0.2": {
        "F1": 0.4965829624920533,
        "P": 0.40686242593918875,
        "R": 0.6370679987766337
      },
      "0.3": {
        "F1": 0.4965248818459827,
        "P": 0.4067013662979831,
        "R": 0.6372718931593434
      },
      "0.5": {
        "F1": 0.4965248818459827,
        "P": 0.4067013662979831,
        "R": 0.6372718931593434
      },
      "0.7": {
        "F1": 0.4965248818459827,
        "P": 0.4067013662979831,
        "R": 0.6372718931593434
      },
      "0.774": {
        "F1": 0.4965248818459827,
        "P": 0.4067013662979831,
        "R": 0.6372718931593434
      }
    },
    "empirical_prior": 0.7738245503313348
  }
}