{
  "experiment": "EN4.2",
  "timestamp": "2026-05-03T15:32:12.656132+00:00",
  "seed": 42,
  "n_bootstrap": 2000,
  "phase_c": {
    "dataset": "MedMentions-corrected",
    "n_gold_test": 1430,
    "n_sent_test": 1048,
    "n_sent_dev": 1289,
    "conditions": {
      "C1_ds_classical": {
        "P": 0.2693144722524483,
        "R": 0.6923076923076923,
        "F1": 0.38777908343125733,
        "tp": 990,
        "fp": 2686,
        "fn": 440,
        "n_accepted": 3676,
        "dev_threshold": 0.3,
        "dev_f1": 0.0
      },
      "C2_ds_base_rate": {
        "P": 0.26583949313621963,
        "R": 0.7041958041958042,
        "F1": 0.3859716366423917,
        "tp": 1007,
        "fp": 2781,
        "fn": 423,
        "n_accepted": 3788,
        "dev_threshold": 0.3,
        "dev_f1": 0.0
      },
      "C3_yager": {
        "P": 0.2693144722524483,
        "R": 0.6923076923076923,
        "F1": 0.38777908343125733,
        "tp": 990,
        "fp": 2686,
        "fn": 440,
        "n_accepted": 3676,
        "dev_threshold": 0.3,
        "dev_f1": 0.0
      },
      "C4_sl_cumulative": {
        "P": 0.2658761528326746,
        "R": 0.7055944055944056,
        "F1": 0.3862200956937799,
        "tp": 1009,
        "fp": 2786,
        "fn": 421,
        "n_accepted": 3795,
        "dev_threshold": 0.3,
        "dev_f1": 0.0
      },
      "C5_sl_averaging": {
        "P": 0.2658761528326746,
        "R": 0.7055944055944056,
        "F1": 0.3862200956937799,
        "tp": 1009,
        "fp": 2786,
        "fn": 421,
        "n_accepted": 3795,
        "dev_threshold": 0.3,
        "dev_f1": 0.0
      }
    },
    "bootstrap_ci": [
      {
        "comparison": "C4_sl_cumulative - C1_ds_classical",
        "mean_diff": -0.001791213228082661,
        "ci_lower": -0.004528426015619068,
        "ci_upper": 0.0012247216376312692,
        "significant": false,
        "cohens_h": -0.003200790723012048
      },
      {
        "comparison": "C4_sl_cumulative - C2_ds_base_rate",
        "mean_diff": 0.0002877361069702283,
        "ci_lower": -0.00048430565173387117,
        "ci_upper": 0.0013258457456852056,
        "significant": false,
        "cohens_h": 0.0005103369026597804
      },
      {
        "comparison": "C2_ds_base_rate - C1_ds_classical",
        "mean_diff": -0.0020789493350528896,
        "ci_lower": -0.004664424595365336,
        "ci_upper": 0.0008475337159679189,
        "significant": false,
        "cohens_h": -0.0037111276256718284
      }
    ],
    "base_rate_sweep": {
      "0.05": {
        "F1": 0.3861329247270638,
        "P": 0.26589290424690054,
        "R": 0.7048951048951049
      },
      "0.1": {
        "F1": 0.38605898123324395,
        "P": 0.26582278481012656,
        "R": 0.7048951048951049
      },
      "0.15": {
        "F1": 0.3863679877465059,
        "P": 0.26601634590034273,
        "R": 0.7055944055944056
      },
      "0.2": {
        "F1": 0.3862940275650842,
        "P": 0.2659462308908803,
        "R": 0.7055944055944056
      },
      "0.3": {
        "F1": 0.3862200956937799,
        "P": 0.2658761528326746,
        "R": 0.7055944055944056
      },
      "0.377": {
        "F1": 0.3862200956937799,
        "P": 0.2658761528326746,
        "R": 0.7055944055944056
      },
      "0.4": {
        "F1": 0.3862200956937799,
        "P": 0.2658761528326746,
        "R": 0.7055944055944056
      },
      "0.5": {
        "F1": 0.3862200956937799,
        "P": 0.2658761528326746,
        "R": 0.7055944055944056
      },
      "0.6": {
        "F1": 0.3862200956937799,
        "P": 0.2658761528326746,
        "R": 0.7055944055944056
      },
      "0.7": {
        "F1": 0.3862200956937799,
        "P": 0.2658761528326746,
        "R": 0.7055944055944056
      },
      "0.8": {
        "F1": 0.3862200956937799,
        "P": 0.2658761528326746,
        "R": 0.7055944055944056
      }
    },
    "empirical_prior": 0.37681159420289856,
    "conflict_quartiles": {
      "Q1_low": {
        "n": 489,
        "K_range": [
          0.0,
          0.028650557123955457
        ],
        "pct_correct": 0.7627811860940695,
        "ds_precision": 0.7627811860940695,
        "sl_precision": 0.7627811860940695
      },
      "Q2": {
        "n": 489,
        "K_range": [
          0.028650557123955457,
          0.07448967900163464
        ],
        "pct_correct": 0.4601226993865031,
        "ds_precision": 0.4601226993865031,
        "sl_precision": 0.4601226993865031
      },
      "Q3": {
        "n": 489,
        "K_range": [
          0.07448967900163464,
          0.16472468594113257
        ],
        "pct_correct": 0.1983640081799591,
        "ds_precision": 0.1983640081799591,
        "sl_precision": 0.1983640081799591
      },
      "Q4_high": {
        "n": 489,
        "K_range": [
          0.16472468594113257,
          1.0
        ],
        "pct_correct": 0.1656441717791411,
        "ds_precision": 0.17297297297297298,
        "sl_precision": 0.1656441717791411
      }
    }
  }
}