{
  "experiment": "EN4.2",
  "timestamp": "2026-05-03T15:09:09.473158+00:00",
  "seed": 42,
  "n_bootstrap": 2000,
  "phase_b": {
    "dataset": "BC5CDR",
    "n_gold_test": 9809,
    "n_sent_test": 5865,
    "n_sent_dev": 5330,
    "conditions": {
      "C1_ds_classical": {
        "P": 0.651858779518354,
        "R": 0.8526863084922011,
        "F1": 0.7388692579505302,
        "tp": 8364,
        "fp": 4467,
        "fn": 1445,
        "n_accepted": 12831,
        "dev_threshold": 0.7,
        "dev_f1": 0.7474264705882352
      },
      "C2_ds_base_rate": {
        "P": 0.6817488561260803,
        "R": 0.8202671016413497,
        "F1": 0.7446207949655269,
        "tp": 8046,
        "fp": 3756,
        "fn": 1763,
        "n_accepted": 11802,
        "dev_threshold": 0.7,
        "dev_f1": 0.7536106712729715
      },
      "C3_yager": {
        "P": 0.651858779518354,
        "R": 0.8526863084922011,
        "F1": 0.7388692579505302,
        "tp": 8364,
        "fp": 4467,
        "fn": 1445,
        "n_accepted": 12831,
        "dev_threshold": 0.7,
        "dev_f1": 0.7474264705882352
      },
      "C4_sl_cumulative": {
        "P": 0.6956099284515502,
        "R": 0.8028341319196656,
        "F1": 0.7453857075248462,
        "tp": 7875,
        "fp": 3446,
        "fn": 1934,
        "n_accepted": 11321,
        "dev_threshold": 0.7,
        "dev_f1": 0.7530773380412927
      },
      "C5_sl_averaging": {
        "P": 0.6838298605131737,
        "R": 0.8096645937404424,
        "F1": 0.741446109321757,
        "tp": 7942,
        "fp": 3672,
        "fn": 1867,
        "n_accepted": 11614,
        "dev_threshold": 0.65,
        "dev_f1": 0.7501331396756233
      }
    },
    "bootstrap_ci": [
      {
        "comparison": "C4_sl_cumulative - C1_ds_classical",
        "mean_diff": -0.0012487589993661445,
        "ci_lower": -0.004998592118973052,
        "ci_upper": 0.0022780355007322593,
        "significant": false,
        "cohens_h": 0.014896250174842862
      },
      {
        "comparison": "C4_sl_cumulative - C2_ds_base_rate",
        "mean_diff": -0.0020411607545892745,
        "ci_lower": -0.004149422732225144,
        "ci_upper": -1.6584354897329033e-05,
        "significant": true,
        "cohens_h": 0.0017549530193265994
      },
      {
        "comparison": "C2_ds_base_rate - C1_ds_classical",
        "mean_diff": 0.0007924017552231303,
        "ci_lower": -0.002102004945801134,
        "ci_upper": 0.003641098804018023,
        "significant": false,
        "cohens_h": 0.013141297155516263
      }
    ],
    "base_rate_sweep": {
      "0.05": {
        "F1": 0.3237382011077307,
        "P": 0.6893687707641196,
        "R": 0.21154042206137222
      },
      "0.1": {
        "F1": 0.3237382011077307,
        "P": 0.6893687707641196,
        "R": 0.21154042206137222
      },
      "0.2": {
        "F1": 0.716764236295902,
        "P": 0.7498051441932969,
        "R": 0.6865123865837496
      },
      "0.3": {
        "F1": 0.7399830347787038,
        "P": 0.724687255668491,
        "R": 0.7559384238964216
      },
      "0.4": {
        "F1": 0.7438144579479979,
        "P": 0.7083179638509775,
        "R": 0.7830563767968193
      },
      "0.5": {
        "F1": 0.7453857075248462,
        "P": 0.6956099284515502,
        "R": 0.8028341319196656
      },
      "0.6": {
        "F1": 0.7446660158973645,
        "P": 0.6843814080656186,
        "R": 0.8165970027525742
      },
      "0.638": {
        "F1": 0.7448479807781168,
        "P": 0.6811459477731767,
        "R": 0.8216943623203181
      },
      "0.7": {
        "F1": 0.7444073379386066,
        "P": 0.6751867219917013,
        "R": 0.8294423488632888
      },
      "0.8": {
        "F1": 0.7431407942238266,
        "P": 0.6666666666666666,
        "R": 0.8394331736160668
      }
    },
    "empirical_prior": 0.6381912817176317,
    "conflict_quartiles": {
      "Q1_low": {
        "n": 2496,
        "K_range": [
          0.0,
          0.005587248438148507
        ],
        "pct_correct": 0.8565705128205128,
        "ds_precision": 0.8565705128205128,
        "sl_precision": 0.8565705128205128
      },
      "Q2": {
        "n": 2495,
        "K_range": [
          0.005587248438148507,
          0.015433201347965664
        ],
        "pct_correct": 0.7675350701402806,
        "ds_precision": 0.7675350701402806,
        "sl_precision": 0.7675350701402806
      },
      "Q3": {
        "n": 2495,
        "K_range": [
          0.015433201347965664,
          0.05580629825855388
        ],
        "pct_correct": 0.6056112224448897,
        "ds_precision": 0.6056112224448897,
        "sl_precision": 0.6056112224448897
      },
      "Q4_high": {
        "n": 2496,
        "K_range": [
          0.05580629825855388,
          1.0
        ],
        "pct_correct": 0.3581730769230769,
        "ds_precision": 0.37044967880085655,
        "sl_precision": 0.4072727272727273
      }
    }
  }
}