{
  "experiment": "EN4.2",
  "timestamp": "2026-05-02T16:44:55.531036+00:00",
  "seed": 42,
  "n_bootstrap": 2000,
  "phase_a": {
    "zadeh_classic": {
      "K": 0.9802,
      "ds": {
        "b": 0.49999999999999906,
        "d": 0.49999999999999906,
        "u": 0.0
      },
      "sl": {
        "b": 0.5,
        "d": 0.5,
        "u": 0.0
      },
      "finding": "DS: u=0.000000 (zero uncertainty despite K=0.9802). SL: b=0.5000, d=0.5000 (balanced average)."
    },
    "zadeh_realistic": {
      "K": 0.7249999999999999,
      "ds": {
        "b": 0.4818181818181816,
        "d": 0.4818181818181816,
        "u": 0.036363636363636355
      },
      "yager": {
        "b": 0.1325,
        "d": 0.1325,
        "u": 0.7349999999999999
      },
      "sl": {
        "b": 0.4736842105263158,
        "d": 0.4736842105263158,
        "u": 0.05263157894736843
      }
    },
    "conflict_sweep": {
      "K_0.0_0.1": {
        "n": 2139,
        "mean_belief_diff": 0.015064659681140022,
        "mean_uncertainty_diff": 0.02928114038134922,
        "max_belief_diff": 0.11140352243625018,
        "frac_ds_higher_belief": 0.6320710612435717,
        "frac_sl_higher_uncertainty": 1.0
      },
      "K_0.1_0.2": {
        "n": 2791,
        "mean_belief_diff": 0.018337623504351936,
        "mean_uncertainty_diff": 0.035553171140354486,
        "max_belief_diff": 0.16684539491190375,
        "frac_ds_higher_belief": 0.599068434252956,
        "frac_sl_higher_uncertainty": 1.0
      },
      "K_0.2_0.4": {
        "n": 3877,
        "mean_belief_diff": 0.014269057868389497,
        "mean_uncertainty_diff": 0.0315245771048402,
        "max_belief_diff": 0.2789514609278596,
        "frac_ds_higher_belief": 0.5726076863554295,
        "frac_sl_higher_uncertainty": 1.0
      },
      "K_0.4_0.6": {
        "n": 1038,
        "mean_belief_diff": 0.01143922800718763,
        "mean_uncertainty_diff": 0.02041523044711266,
        "max_belief_diff": 0.3775638395322143,
        "frac_ds_higher_belief": 0.5327552986512524,
        "frac_sl_higher_uncertainty": 1.0
      },
      "K_0.6_0.8": {
        "n": 148,
        "mean_belief_diff": -0.00513676761444705,
        "mean_uncertainty_diff": 0.010712321165868992,
        "max_belief_diff": 0.35814655502653797,
        "frac_ds_higher_belief": 0.4864864864864865,
        "frac_sl_higher_uncertainty": 1.0
      },
      "K_0.8_0.9": {
        "n": 7,
        "mean_belief_diff": 0.011932074644521515,
        "mean_uncertainty_diff": 0.006535070519052206,
        "max_belief_diff": 0.27939813635844973,
        "frac_ds_higher_belief": 0.42857142857142855,
        "frac_sl_higher_uncertainty": 1.0
      }
    },
    "structural_divergence": {
      "mean_belief_diff": 0.01499219532013851,
      "std_belief_diff": 0.07294788553746352,
      "frac_ds_higher": 0.5872,
      "n_pairs": 10000,
      "finding": "DS systematically produces higher fused belief than SL due to the b1*b2 mutual reinforcement term. This divergence exists at ALL conflict levels, not just high conflict."
    }
  }
}