{
  "dataset": "cqadupstack/unix",
  "n_corpus": 47382,
  "n_queries": 1072,
  "embedding_dim": 384,
  "float32_baseline": {
    "n_queries_evaluated": 1072,
    "ndcg@10": {
      "mean": 0.41310171798963313,
      "ci_lower": 0.3899712291542523,
      "ci_upper": 0.4374356320960167,
      "std": 0.3992861482709999
    },
    "mrr@10": {
      "mean": 0.3962523691068467,
      "ci_lower": 0.3720124637230514,
      "ci_upper": 0.422511882551528,
      "std": 0.4254517312968346
    },
    "recall@1": {
      "mean": 0.25393456823027716,
      "ci_lower": 0.23156610918621184,
      "ci_upper": 0.2809641524520256,
      "std": 0.4135557168979175
    },
    "recall@5": {
      "mean": 0.47155387497038614,
      "ci_lower": 0.44534438114487085,
      "ci_upper": 0.500106276652452,
      "std": 0.47385787469393886
    },
    "recall@10": {
      "mean": 0.5495478337479269,
      "ci_lower": 0.522658855092099,
      "ci_upper": 0.5774982370513504,
      "std": 0.47055716769932454
    },
    "recall@100": {
      "mean": 0.8107361259180289,
      "ci_lower": 0.7894315346629945,
      "ci_upper": 0.8328153040600567,
      "std": 0.36598031424550287
    }
  },
  "method_results": [
    {
      "method": "naive_scalar",
      "bit_width": 2,
      "mse": 0.0035795888397842646,
      "elapsed_seconds": 0.6056413000042085,
      "n_queries_evaluated": 1072,
      "ndcg@10": {
        "mean": 0.39232691714056056,
        "ci_lower": 0.3701955903562494,
        "ci_upper": 0.4161312437922658,
        "std": 0.3957029658545717
      },
      "mrr@10": {
        "mean": 0.3756341062544421,
        "ci_lower": 0.35187574034588964,
        "ci_upper": 0.4005834110696517,
        "std": 0.42014887138558005
      },
      "recall@1": {
        "mean": 0.24081267768301345,
        "ci_lower": 0.219076575826226,
        "ci_upper": 0.265458644278607,
        "std": 0.40775017062313024
      },
      "recall@5": {
        "mean": 0.444217898602227,
        "ci_lower": 0.41723528932717363,
        "ci_upper": 0.4715896151682065,
        "std": 0.4700011890821979
      },
      "recall@10": {
        "mean": 0.5266039593698175,
        "ci_lower": 0.4994946861673773,
        "ci_upper": 0.5536558465114901,
        "std": 0.4710755036028624
      },
      "recall@100": {
        "mean": 0.7733616145463161,
        "ci_lower": 0.7509599232261314,
        "ci_upper": 0.796003668413883,
        "std": 0.39209482780154825
      }
    },
    {
      "method": "turboquant_mse",
      "bit_width": 2,
      "mse": 0.0003381557180546224,
      "elapsed_seconds": 0.518564800004242,
      "n_queries_evaluated": 1072,
      "ndcg@10": {
        "mean": 0.40469664566925323,
        "ci_lower": 0.38269166638200025,
        "ci_upper": 0.428349394257979,
        "std": 0.3989448186139978
      },
      "mrr@10": {
        "mean": 0.3873260187159441,
        "ci_lower": 0.3635891598554845,
        "ci_upper": 0.4129281142649846,
        "std": 0.42302893236660793
      },
      "recall@1": {
        "mean": 0.24830645877754084,
        "ci_lower": 0.22566497867803842,
        "ci_upper": 0.2738136882551528,
        "std": 0.41214682291462207
      },
      "recall@5": {
        "mean": 0.4595254753020611,
        "ci_lower": 0.43312007207267234,
        "ci_upper": 0.48929820762260134,
        "std": 0.4731140861805765
      },
      "recall@10": {
        "mean": 0.5377424632788438,
        "ci_lower": 0.5098264490419925,
        "ci_upper": 0.5650359252842929,
        "std": 0.47142994984457015
      },
      "recall@100": {
        "mean": 0.8059590440653873,
        "ci_lower": 0.783842589507818,
        "ci_upper": 0.8281442675017767,
        "std": 0.3667897327061936
      }
    },
    {
      "method": "turboquant_ip",
      "bit_width": 2,
      "mse": 0.0008542300201952457,
      "elapsed_seconds": 0.5001312999811489,
      "n_queries_evaluated": 1072,
      "ndcg@10": {
        "mean": 0.3927113546816551,
        "ci_lower": 0.36960302168161563,
        "ci_upper": 0.41676367110955104,
        "std": 0.39819343432033566
      },
      "mrr@10": {
        "mean": 0.37666429755982,
        "ci_lower": 0.35235636364309403,
        "ci_upper": 0.4022601742033878,
        "std": 0.4236476570518856
      },
      "recall@1": {
        "mean": 0.24344016524520257,
        "ci_lower": 0.2209344460732054,
        "ci_upper": 0.26929659737029144,
        "std": 0.4081801511580496
      },
      "recall@5": {
        "mean": 0.44108345919213454,
        "ci_lower": 0.4157005569251954,
        "ci_upper": 0.47014352067786075,
        "std": 0.47023767277867207
      },
      "recall@10": {
        "mean": 0.5248160240464345,
        "ci_lower": 0.49665123970919217,
        "ci_upper": 0.5525489183546552,
        "std": 0.47170792985196847
      },
      "recall@100": {
        "mean": 0.7886247135430904,
        "ci_lower": 0.7652568491249112,
        "ci_upper": 0.8110752260475325,
        "std": 0.38167973882568496
      }
    },
    {
      "method": "naive_scalar",
      "bit_width": 3,
      "mse": 0.0005316262249834836,
      "elapsed_seconds": 0.621864300017478,
      "n_queries_evaluated": 1072,
      "ndcg@10": {
        "mean": 0.40424927164510505,
        "ci_lower": 0.3813640723013938,
        "ci_upper": 0.42878046554047633,
        "std": 0.39750829022685447
      },
      "mrr@10": {
        "mean": 0.3860907515991471,
        "ci_lower": 0.36265811011904764,
        "ci_upper": 0.4116490649431414,
        "std": 0.4221087234957282
      },
      "recall@1": {
        "mean": 0.24665067519545128,
        "ci_lower": 0.22510858097903338,
        "ci_upper": 0.27202136638237384,
        "std": 0.41051718969407813
      },
      "recall@5": {
        "mean": 0.45973018094053536,
        "ci_lower": 0.43264909640784177,
        "ci_upper": 0.4872445899224117,
        "std": 0.47195344695510694
      },
      "recall@10": {
        "mean": 0.5399440668680406,
        "ci_lower": 0.5137020626036484,
        "ci_upper": 0.5666276319296376,
        "std": 0.4706507270219601
      },
      "recall@100": {
        "mean": 0.8008687389517614,
        "ci_lower": 0.7789445721541105,
        "ci_upper": 0.8221889159115139,
        "std": 0.37076534955526363
      }
    },
    {
      "method": "turboquant_mse",
      "bit_width": 3,
      "mse": 0.0001305275654885918,
      "elapsed_seconds": 0.5636402000091039,
      "n_queries_evaluated": 1072,
      "ndcg@10": {
        "mean": 0.4141584158654342,
        "ci_lower": 0.3927257847545392,
        "ci_upper": 0.4382195643179662,
        "std": 0.3978412588803931
      },
      "mrr@10": {
        "mean": 0.3970027096659559,
        "ci_lower": 0.37416190994432597,
        "ci_upper": 0.421790248904288,
        "std": 0.4256445550122718
      },
      "recall@1": {
        "mean": 0.2540200781805259,
        "ci_lower": 0.23218772210376687,
        "ci_upper": 0.2797238694918266,
        "std": 0.4130676993390381
      },
      "recall@5": {
        "mean": 0.4724645004145937,
        "ci_lower": 0.44627376047589434,
        "ci_upper": 0.5010407504886284,
        "std": 0.4735985977403749
      },
      "recall@10": {
        "mean": 0.553631766761431,
        "ci_lower": 0.5268983486584933,
        "ci_upper": 0.5808322690861171,
        "std": 0.46940383523238693
      },
      "recall@100": {
        "mean": 0.8163825589315328,
        "ci_lower": 0.7949927862547382,
        "ci_upper": 0.8382989766568941,
        "std": 0.36086223041824955
      }
    },
    {
      "method": "turboquant_ip",
      "bit_width": 3,
      "mse": 0.000305966823361814,
      "elapsed_seconds": 0.5505668999976479,
      "n_queries_evaluated": 1072,
      "ndcg@10": {
        "mean": 0.40542101480053794,
        "ci_lower": 0.38324301945316297,
        "ci_upper": 0.4292798917168024,
        "std": 0.40029980405655113
      },
      "mrr@10": {
        "mean": 0.38911173300165836,
        "ci_lower": 0.36564404539800993,
        "ci_upper": 0.414570238465411,