{
  "dataset": "nq",
  "n_corpus": 2681468,
  "n_queries": 3452,
  "embedding_dim": 384,
  "float32_baseline": {
    "n_queries_evaluated": 3452,
    "ndcg@10": {
      "mean": 0.4387941917425287,
      "ci_lower": 0.42673979904644105,
      "ci_upper": 0.4514217812733442,
      "std": 0.37605867529355547
    },
    "mrr@10": {
      "mean": 0.38587786698302345,
      "ci_lower": 0.37277527175412456,
      "ci_upper": 0.39876706510143645,
      "std": 0.3945580084394004
    },
    "recall@1": {
      "mean": 0.22672846658941676,
      "ci_lower": 0.2137607425646968,
      "ci_upper": 0.24082898802626496,
      "std": 0.40174126302167257
    },
    "recall@5": {
      "mean": 0.5337002703746621,
      "ci_lower": 0.5176202201622248,
      "ci_upper": 0.549875675936655,
      "std": 0.4801918751893855
    },
    "recall@10": {
      "mean": 0.647112784859019,
      "ci_lower": 0.6330617516415604,
      "ci_upper": 0.6622754924681346,
      "std": 0.4593971967390957
    },
    "recall@100": {
      "mean": 0.9032927771340287,
      "ci_lower": 0.8938284569331789,
      "ci_upper": 0.9122742854383931,
      "std": 0.281986140935016
    }
  },
  "method_results": [
    {
      "method": "naive_scalar",
      "bit_width": 2,
      "mse": 0.004860591143369675,
      "elapsed_seconds": 63.23314100000425,
      "n_queries_evaluated": 3452,
      "ndcg@10": {
        "mean": 0.40704293297781374,
        "ci_lower": 0.39490190344903,
        "ci_upper": 0.41921868843784016,
        "std": 0.375392739034479
      },
      "mrr@10": {
        "mean": 0.35677465559418053,
        "ci_lower": 0.34393026127020915,
        "ci_upper": 0.36992824495576515,
        "std": 0.39202372584192396
      },
      "recall@1": {
        "mean": 0.20978176902278872,
        "ci_lower": 0.19708140208574737,
        "ci_upper": 0.2221749468906914,
        "std": 0.3906927887219587
      },
      "recall@5": {
        "mean": 0.48042197759752797,
        "ci_lower": 0.46334793839320204,
        "ci_upper": 0.49686292970258783,
        "std": 0.4809686345168046
      },
      "recall@10": {
        "mean": 0.6097431440710698,
        "ci_lower": 0.5945309482425647,
        "ci_upper": 0.6255383352645808,
        "std": 0.47022763953093677
      },
      "recall@100": {
        "mean": 0.8795142912321359,
        "ci_lower": 0.8694229190807261,
        "ci_upper": 0.889677481653148,
        "std": 0.3130699507430154
      }
    },
    {
      "method": "turboquant_mse",
      "bit_width": 2,
      "mse": 0.0003376295790076256,
      "elapsed_seconds": 55.03859770001145,
      "n_queries_evaluated": 3452,
      "ndcg@10": {
        "mean": 0.431947596112292,
        "ci_lower": 0.4205834804818445,
        "ci_upper": 0.44411471339438324,
        "std": 0.3740656371246428
      },
      "mrr@10": {
        "mean": 0.37868626882966394,
        "ci_lower": 0.3665437795434899,
        "ci_upper": 0.3916032832358513,
        "std": 0.39253191592798875
      },
      "recall@1": {
        "mean": 0.22035534955581304,
        "ci_lower": 0.2079911404016995,
        "ci_upper": 0.2335874130938586,
        "std": 0.3975731410572508
      },
      "recall@5": {
        "mean": 0.524188876013905,
        "ci_lower": 0.50738460795674,
        "ci_upper": 0.5401228756276554,
        "std": 0.48063943356522043
      },
      "recall@10": {
        "mean": 0.6431054461181923,
        "ci_lower": 0.628520905755118,
        "ci_upper": 0.6581703843182697,
        "std": 0.461403625750015
      },
      "recall@100": {
        "mean": 0.9015787949015064,
        "ci_lower": 0.8921156817303979,
        "ci_upper": 0.9110938103514871,
        "std": 0.2848713411310113
      }
    },
    {
      "method": "turboquant_ip",
      "bit_width": 2,
      "mse": 0.0008532049832865596,
      "elapsed_seconds": 54.663607700000284,
      "n_queries_evaluated": 3452,
      "ndcg@10": {
        "mean": 0.4130795142082474,
        "ci_lower": 0.4006443402451571,
        "ci_upper": 0.4255890050043661,
        "std": 0.37453870907813097
      },
      "mrr@10": {
        "mean": 0.36062645993121084,
        "ci_lower": 0.34790174260608064,
        "ci_upper": 0.3731467782651879,
        "std": 0.3890695922573379
      },
      "recall@1": {
        "mean": 0.20987833140208575,
        "ci_lower": 0.19758775106218615,
        "ci_upper": 0.2226010283893395,
        "std": 0.39216272279398284
      },
      "recall@5": {
        "mean": 0.5002896871378911,
        "ci_lower": 0.4846381324835844,
        "ci_upper": 0.5164675067593666,
        "std": 0.4807374038133659
      },
      "recall@10": {
        "mean": 0.6196166473541909,
        "ci_lower": 0.6045221369254539,
        "ci_upper": 0.6351149092313634,
        "std": 0.4670572503499739
      },
      "recall@100": {
        "mean": 0.8876496716879104,
        "ci_lower": 0.8776548619157977,
        "ci_upper": 0.8979631373117034,
        "std": 0.30261299016631915
      }
    },
    {
      "method": "naive_scalar",
      "bit_width": 3,
      "mse": 0.000659400480799377,
      "elapsed_seconds": 61.63592780000181,
      "n_queries_evaluated": 3452,
      "ndcg@10": {
        "mean": 0.42530470325800884,
        "ci_lower": 0.413172061118065,
        "ci_upper": 0.43750504055484324,
        "std": 0.3761076507948113
      },
      "mrr@10": {
        "mean": 0.3736118008423919,
        "ci_lower": 0.36130302021832295,
        "ci_upper": 0.38689811749342456,
        "std": 0.3941222711409468
      },
      "recall@1": {
        "mean": 0.22035534955581307,
        "ci_lower": 0.20724519602163,
        "ci_upper": 0.23317581595210504,
        "std": 0.3975731410572508
      },
      "recall@5": {
        "mean": 0.5091734260332175,
        "ci_lower": 0.49232208381614523,
        "ci_upper": 0.5260332174584782,
        "std": 0.48123570421006084
      },
      "recall@10": {
        "mean": 0.6322904596369254,
        "ci_lower": 0.6179992275009656,
        "ci_upper": 0.6483258497489378,
        "std": 0.4641702421312301
      },
      "recall@100": {
        "mean": 0.8935641174198533,
        "ci_lower": 0.8841486819235226,
        "ci_upper": 0.9030290411355736,
        "std": 0.2956920287852232
      }
    },
    {
      "method": "turboquant_mse",
      "bit_width": 3,
      "mse": 0.0001301242591580376,
      "elapsed_seconds": 54.71455160001642,
      "n_queries_evaluated": 3452,
      "ndcg@10": {
        "mean": 0.4348866817424955,
        "ci_lower": 0.42263737534571094,
        "ci_upper": 0.4469044985873826,
        "std": 0.37499956122853406
      },
      "mrr@10": {
        "mean": 0.38099066103845947,
        "ci_lower": 0.3681982006060439,
        "ci_upper": 0.3938814599082197,
        "std": 0.39279841806105836
      },
      "recall@1": {
        "mean": 0.2227694090382387,
        "ci_lower": 0.20965985901892623,
        "ci_upper": 0.23558866840478948,
        "std": 0.39990532702539516
      },
      "recall@5": {
        "mean": 0.5230301274623407,
        "ci_lower": 0.5064672653534182,
        "ci_upper": 0.5400770084974894,
        "std": 0.4811148051547568
      },
      "recall@10": {
        "mean": 0.6449884125144844,
        "ci_lower": 0.6305004345307069,
        "ci_upper": 0.6601547412128234,
        "std": 0.46005477662557503
      },
      "recall@100": {
        "mean": 0.9025444186944765,
        "ci_lower": 0.8928121378910777,
        "ci_upper": 0.9115253234839706,
        "std": 0.2835686810523385
      }
    },
    {
      "method": "turboquant_ip",
      "bit_width": 3,
      "mse": 0.0003053890250157565,
      "elapsed_seconds": 54.27411880000727,
      "n_queries_evaluated": 3452,
      "ndcg@10": {
        "mean": 0.43264660778054415,
        "ci_lower": 0.42099478409190355,
        "ci_upper": 0.4446092650144744,
        "std": 0.3734633672845685
      },
      "mrr@10": {
        "mean": 0.37920770567786793,
        "ci_lower": 0.36681812878202646,
        "ci_upper": 0.39221767861741064,