{
  "dataset": "dbpedia-entity",
  "n_corpus": 4635922,
  "n_queries": 400,
  "embedding_dim": 384,
  "float32_baseline": {
    "n_queries_evaluated": 400,
    "ndcg@10": {
      "mean": 0.3075625754434218,
      "ci_lower": 0.28217475015159094,
      "ci_upper": 0.3328763242376842,
      "std": 0.2581926592596196
    },
    "mrr@10": {
      "mean": 0.6395664682539682,
      "ci_lower": 0.5976771329365079,
      "ci_upper": 0.6814441220238096,
      "std": 0.4178461383331862
    },
    "recall@1": {
      "mean": 0.07171630063711412,
      "ci_lower": 0.057518486954413466,
      "ci_upper": 0.08844448559568202,
      "std": 0.15811606439308715
    },
    "recall@5": {
      "mean": 0.14667437532602262,
      "ci_lower": 0.12817406189527192,
      "ci_upper": 0.16715467490301447,
      "std": 0.20174345912377223
    },
    "recall@10": {
      "mean": 0.19922453758543582,
      "ci_lower": 0.17867155692148587,
      "ci_upper": 0.22078307341378542,
      "std": 0.21702814928316644
    },
    "recall@100": {
      "mean": 0.43273258025455036,
      "ci_lower": 0.40108227571347227,
      "ci_upper": 0.46294905217721644,
      "std": 0.29837400641550926
    }
  },
  "method_results": [
    {
      "method": "naive_scalar",
      "bit_width": 2,
      "mse": 0.005229589994996786,
      "elapsed_seconds": 37.0541804000095,
      "n_queries_evaluated": 400,
      "ndcg@10": {
        "mean": 0.2723328219414014,
        "ci_lower": 0.24732037453328795,
        "ci_upper": 0.29659384777391706,
        "std": 0.25201495604253604
      },
      "mrr@10": {
        "mean": 0.5950357142857142,
        "ci_lower": 0.5533091765873016,
        "ci_upper": 0.6383370039682539,
        "std": 0.42477571066248687
      },
      "recall@1": {
        "mean": 0.06569616760950218,
        "ci_lower": 0.05119952919194845,
        "ci_upper": 0.0821214157982564,
        "std": 0.15815350821405208
      },
      "recall@5": {
        "mean": 0.13348151395974467,
        "ci_lower": 0.1147613407411412,
        "ci_upper": 0.152249083136896,
        "std": 0.194197948790328
      },
      "recall@10": {
        "mean": 0.17793845429009608,
        "ci_lower": 0.15781550326849655,
        "ci_upper": 0.19882156689640076,
        "std": 0.21072140760402147
      },
      "recall@100": {
        "mean": 0.39571013605872435,
        "ci_lower": 0.36570194365946457,
        "ci_upper": 0.42414927536205044,
        "std": 0.28264282298461596
      }
    },
    {
      "method": "turboquant_mse",
      "bit_width": 2,
      "mse": 0.00033760140649974346,
      "elapsed_seconds": 22.017134299996542,
      "n_queries_evaluated": 400,
      "ndcg@10": {
        "mean": 0.30089411716098574,
        "ci_lower": 0.27639556477033866,
        "ci_upper": 0.3260005371322969,
        "std": 0.2583979254911278
      },
      "mrr@10": {
        "mean": 0.6361041666666666,
        "ci_lower": 0.5954293650793651,
        "ci_upper": 0.6776779265873014,
        "std": 0.4205521813722981
      },
      "recall@1": {
        "mean": 0.0707835346835129,
        "ci_lower": 0.056871068176963885,
        "ci_upper": 0.08664886386366188,
        "std": 0.15688283144069634
      },
      "recall@5": {
        "mean": 0.14548142145312096,
        "ci_lower": 0.1268884175819353,
        "ci_upper": 0.1649674298111513,
        "std": 0.19979015546493034
      },
      "recall@10": {
        "mean": 0.19340178619343817,
        "ci_lower": 0.17396288130664317,
        "ci_upper": 0.21527992338298702,
        "std": 0.2158531591704926
      },
      "recall@100": {
        "mean": 0.4253467564971592,
        "ci_lower": 0.39588216832160444,
        "ci_upper": 0.4565700128741494,
        "std": 0.2948484730572008
      }
    },
    {
      "method": "turboquant_ip",
      "bit_width": 2,
      "mse": 0.0008532620267942548,
      "elapsed_seconds": 20.933478999999352,
      "n_queries_evaluated": 400,
      "ndcg@10": {
        "mean": 0.2823273486110227,
        "ci_lower": 0.2574963427352925,
        "ci_upper": 0.30713207265136605,
        "std": 0.24981303920897946
      },
      "mrr@10": {
        "mean": 0.6110535714285714,
        "ci_lower": 0.572022867063492,
        "ci_upper": 0.6517273065476191,
        "std": 0.4173792554728893
      },
      "recall@1": {
        "mean": 0.06302348634673423,
        "ci_lower": 0.04977200880151417,
        "ci_upper": 0.07983738549320599,
        "std": 0.15250178596922004
      },
      "recall@5": {
        "mean": 0.14117907819097045,
        "ci_lower": 0.12215943673810324,
        "ci_upper": 0.16244092400262466,
        "std": 0.2023432365780755
      },
      "recall@10": {
        "mean": 0.18131119869642653,
        "ci_lower": 0.16060722407989864,
        "ci_upper": 0.20261763694312154,
        "std": 0.21345602453034843
      },
      "recall@100": {
        "mean": 0.40610664221057363,
        "ci_lower": 0.3767268650762337,
        "ci_upper": 0.4354624827725753,
        "std": 0.2858543018117167
      }
    },
    {
      "method": "naive_scalar",
      "bit_width": 3,
      "mse": 0.0006997003220021725,
      "elapsed_seconds": 31.719773899996653,
      "n_queries_evaluated": 400,
      "ndcg@10": {
        "mean": 0.2883100202348868,
        "ci_lower": 0.26250713980013457,
        "ci_upper": 0.314075769950621,
        "std": 0.2550117607328031
      },
      "mrr@10": {
        "mean": 0.6082609126984128,
        "ci_lower": 0.5675119791666666,
        "ci_upper": 0.6483653521825398,
        "std": 0.4198664344312583
      },
      "recall@1": {
        "mean": 0.06755519771714912,
        "ci_lower": 0.053073397677464974,
        "ci_upper": 0.08412018250212304,
        "std": 0.15717863723830242
      },
      "recall@5": {
        "mean": 0.14139228141372423,
        "ci_lower": 0.12355025625762268,
        "ci_upper": 0.16065163638355376,
        "std": 0.19643254568145166
      },
      "recall@10": {
        "mean": 0.1829493984200216,
        "ci_lower": 0.16362357945352823,
        "ci_upper": 0.20375216722635806,
        "std": 0.2068676449869994
      },
      "recall@100": {
        "mean": 0.4179910974316946,
        "ci_lower": 0.38912900894955194,
        "ci_upper": 0.44705213951703565,
        "std": 0.28730962878682037
      }
    },
    {
      "method": "turboquant_mse",
      "bit_width": 3,
      "mse": 0.00013008438691031188,
      "elapsed_seconds": 22.900651100004325,
      "n_queries_evaluated": 400,
      "ndcg@10": {
        "mean": 0.3071386733478282,
        "ci_lower": 0.28206204384912703,
        "ci_upper": 0.3315460798288426,
        "std": 0.2560423216505951
      },
      "mrr@10": {
        "mean": 0.6497499999999999,
        "ci_lower": 0.6080093501984127,
        "ci_upper": 0.6907181051587302,
        "std": 0.41619357356454517
      },
      "recall@1": {
        "mean": 0.07349877169146364,
        "ci_lower": 0.05862661688303763,
        "ci_upper": 0.09005183452281573,
        "std": 0.15928040851251346
      },
      "recall@5": {
        "mean": 0.14923558311018492,
        "ci_lower": 0.1304718050781641,
        "ci_upper": 0.16971827641455062,
        "std": 0.20146104778038254
      },
      "recall@10": {
        "mean": 0.19677771209187825,
        "ci_lower": 0.17591929060778985,
        "ci_upper": 0.21803769984209176,
        "std": 0.21524781762203296
      },
      "recall@100": {
        "mean": 0.43226532086338076,
        "ci_lower": 0.4022266740609477,
        "ci_upper": 0.46273948566888895,
        "std": 0.29399950143712544
      }
    },
    {
      "method": "turboquant_ip",
      "bit_width": 3,
      "mse": 0.0003053886175621301,
      "elapsed_seconds": 21.666740100015886,
      "n_queries_evaluated": 400,
      "ndcg@10": {
        "mean": 0.3014873370992628,
        "ci_lower": 0.27700603035794186,
        "ci_upper": 0.3266121498689115,
        "std": 0.2587689310914178
      },
      "mrr@10": {
        "mean": 0.6374206349206348,
        "ci_lower": 0.5962644841269841,