{
  "dataset": "cqadupstack/webmasters",
  "n_corpus": 17405,
  "n_queries": 506,
  "embedding_dim": 384,
  "float32_baseline": {
    "n_queries_evaluated": 506,
    "ndcg@10": {
      "mean": 0.4046682730490143,
      "ci_lower": 0.3697445917477828,
      "ci_upper": 0.4405856753970046,
      "std": 0.4037598922964591
    },
    "mrr@10": {
      "mean": 0.3921481899742769,
      "ci_lower": 0.3543203384779472,
      "ci_upper": 0.4267828518100257,
      "std": 0.4257537690037655
    },
    "recall@1": {
      "mean": 0.2521865090364788,
      "ci_lower": 0.2172520110639203,
      "ci_upper": 0.2861677093015058,
      "std": 0.4190276805279399
    },
    "recall@5": {
      "mean": 0.4308680468759431,
      "ci_lower": 0.3904832050488017,
      "ci_upper": 0.47042847692593537,
      "std": 0.4688690646514106
    },
    "recall@10": {
      "mean": 0.5244288284484017,
      "ci_lower": 0.4835731712297246,
      "ci_upper": 0.5670471414908431,
      "std": 0.469516901340038
    },
    "recall@100": {
      "mean": 0.8052324709053329,
      "ci_lower": 0.7723975842033752,
      "ci_upper": 0.8337888411151692,
      "std": 0.367985183328317
    }
  },
  "method_results": [
    {
      "method": "naive_scalar",
      "bit_width": 2,
      "mse": 0.0033175216522067785,
      "elapsed_seconds": 0.22986730001866817,
      "n_queries_evaluated": 506,
      "ndcg@10": {
        "mean": 0.3767843085162265,
        "ci_lower": 0.34169608304751964,
        "ci_upper": 0.41226318817403873,
        "std": 0.40361217446583053
      },
      "mrr@10": {
        "mean": 0.3661082878474183,
        "ci_lower": 0.3281436453039714,
        "ci_upper": 0.40183710160612335,
        "std": 0.42645494152282887
      },
      "recall@1": {
        "mean": 0.2378102150406196,
        "ci_lower": 0.20260997550759283,
        "ci_upper": 0.27253025033119443,
        "std": 0.41064983881422557
      },
      "recall@5": {
        "mean": 0.4031316777364119,
        "ci_lower": 0.362187727600397,
        "ci_upper": 0.44550143187329555,
        "std": 0.46834529796330354
      },
      "recall@10": {
        "mean": 0.4877667162627889,
        "ci_lower": 0.44480830374040076,
        "ci_upper": 0.5290659360559179,
        "std": 0.4735573948336173
      },
      "recall@100": {
        "mean": 0.7731643584355147,
        "ci_lower": 0.7377901871210664,
        "ci_upper": 0.8054539132333661,
        "std": 0.3891541406132536
      }
    },
    {
      "method": "turboquant_mse",
      "bit_width": 2,
      "mse": 0.00033927542972378433,
      "elapsed_seconds": 0.2096832999959588,
      "n_queries_evaluated": 506,
      "ndcg@10": {
        "mean": 0.3970901633940028,
        "ci_lower": 0.3629126046255294,
        "ci_upper": 0.43448261576262803,
        "std": 0.40278339163244964
      },
      "mrr@10": {
        "mean": 0.38615659702616223,
        "ci_lower": 0.35063654793274357,
        "ci_upper": 0.4213343253968254,
        "std": 0.4239485691763355
      },
      "recall@1": {
        "mean": 0.2446968971990409,
        "ci_lower": 0.20829344446170345,
        "ci_upper": 0.2819067578057953,
        "std": 0.4144783396365171
      },
      "recall@5": {
        "mean": 0.42400403816883425,
        "ci_lower": 0.38251202138348095,
        "ci_upper": 0.46668683839520075,
        "std": 0.46966665859101037
      },
      "recall@10": {
        "mean": 0.513857746114433,
        "ci_lower": 0.47413702264803237,
        "ci_upper": 0.5561571105291242,
        "std": 0.470874250765729
      },
      "recall@100": {
        "mean": 0.790670839680405,
        "ci_lower": 0.7565133024473086,
        "ci_upper": 0.8200315630915316,
        "std": 0.37931828460300854
      }
    },
    {
      "method": "turboquant_ip",
      "bit_width": 2,
      "mse": 0.0008561104768887162,
      "elapsed_seconds": 0.21057319999090396,
      "n_queries_evaluated": 506,
      "ndcg@10": {
        "mean": 0.38880296434515,
        "ci_lower": 0.35498377353249666,
        "ci_upper": 0.42185151256932635,
        "std": 0.39885504703991714
      },
      "mrr@10": {
        "mean": 0.3773574251835122,
        "ci_lower": 0.34243714317083884,
        "ci_upper": 0.41355707698099003,
        "std": 0.42397339329800754
      },
      "recall@1": {
        "mean": 0.23937975057754643,
        "ci_lower": 0.20270413609838317,
        "ci_upper": 0.27297013936026226,
        "std": 0.41061981111625306
      },
      "recall@5": {
        "mean": 0.4283967235861758,
        "ci_lower": 0.3862216138764805,
        "ci_upper": 0.4717129157171346,
        "std": 0.468888691287931
      },
      "recall@10": {
        "mean": 0.5096743603548675,
        "ci_lower": 0.46817160234094995,
        "ci_upper": 0.5517020872701717,
        "std": 0.4708728883801295
      },
      "recall@100": {
        "mean": 0.782920821075546,
        "ci_lower": 0.7481079608159164,
        "ci_upper": 0.8135817875173628,
        "std": 0.3850065496895695
      }
    },
    {
      "method": "naive_scalar",
      "bit_width": 3,
      "mse": 0.0004986055428162217,
      "elapsed_seconds": 0.23172389998217113,
      "n_queries_evaluated": 506,
      "ndcg@10": {
        "mean": 0.39748656044788705,
        "ci_lower": 0.36257952049648035,
        "ci_upper": 0.4315755488966687,
        "std": 0.40397261919650884
      },
      "mrr@10": {
        "mean": 0.38059555179120397,
        "ci_lower": 0.34179371353284393,
        "ci_upper": 0.4161930445761967,
        "std": 0.42548730285066544
      },
      "recall@1": {
        "mean": 0.24847160075635313,
        "ci_lower": 0.21206775803797392,
        "ci_upper": 0.28247908552533474,
        "std": 0.41796208129806917
      },
      "recall@5": {
        "mean": 0.423909366979894,
        "ci_lower": 0.38276680805861457,
        "ci_upper": 0.4635854891543836,
        "std": 0.46965625961722524
      },
      "recall@10": {
        "mean": 0.5200828808744422,
        "ci_lower": 0.4769617059631724,
        "ci_upper": 0.5599392347200927,
        "std": 0.4707653133945497
      },
      "recall@100": {
        "mean": 0.7936972444866575,
        "ci_lower": 0.7577477035553525,
        "ci_upper": 0.8235919673782132,
        "std": 0.37683334413776287
      }
    },
    {
      "method": "turboquant_mse",
      "bit_width": 3,
      "mse": 0.00013121796655468643,
      "elapsed_seconds": 0.21108680000179447,
      "n_queries_evaluated": 506,
      "ndcg@10": {
        "mean": 0.40525984295447826,
        "ci_lower": 0.3719909656601855,
        "ci_upper": 0.43846948674898745,
        "std": 0.40349570267829415
      },
      "mrr@10": {
        "mean": 0.39105339105339104,
        "ci_lower": 0.35581611926720624,
        "ci_upper": 0.42542933214128864,
        "std": 0.4238115991858702
      },
      "recall@1": {
        "mean": 0.24866213485993074,
        "ci_lower": 0.21379274397695294,
        "ci_upper": 0.2860008525750127,
        "std": 0.4170846210886149
      },
      "recall@5": {
        "mean": 0.42857876310057486,
        "ci_lower": 0.3859709264484519,
        "ci_upper": 0.4672530554404477,
        "std": 0.4679917502149353
      },
      "recall@10": {
        "mean": 0.5266218329291704,
        "ci_lower": 0.48613552878687855,
        "ci_upper": 0.5691249951366376,
        "std": 0.4714190592745536
      },
      "recall@100": {
        "mean": 0.7981340424482044,
        "ci_lower": 0.7649077331207985,
        "ci_upper": 0.8267459127065984,
        "std": 0.3743894608443753
      }
    },
    {
      "method": "turboquant_ip",
      "bit_width": 3,
      "mse": 0.00030706083634868264,
      "elapsed_seconds": 0.2046783000114374,
      "n_queries_evaluated": 506,
      "ndcg@10": {
        "mean": 0.4002002879863233,
        "ci_lower": 0.36566238731789164,
        "ci_upper": 0.43619264913813816,
        "std": 0.404879789073061
      },
      "mrr@10": {
        "mean": 0.3888190915364828,
        "ci_lower": 0.3528110883681536,