{
  "dataset": "scidocs",
  "n_corpus": 25657,
  "n_queries": 1000,
  "embedding_dim": 384,
  "float32_baseline": {
    "n_queries_evaluated": 1000,
    "ndcg@10": {
      "mean": 0.2164015556505212,
      "ci_lower": 0.2022179254239397,
      "ci_upper": 0.2308424204970139,
      "std": 0.23074236233409917
    },
    "mrr@10": {
      "mean": 0.3594198412698413,
      "ci_lower": 0.3356613194444444,
      "ci_upper": 0.3831263888888889,
      "std": 0.39426087995699965
    },
    "recall@1": {
      "mean": 0.04853333333333333,
      "ci_lower": 0.0432325,
      "ci_upper": 0.05408458333333334,
      "std": 0.086620608381973
    },
    "recall@5": {
      "mean": 0.15923333333333334,
      "ci_lower": 0.14745000000000003,
      "ci_upper": 0.17155083333333335,
      "std": 0.19247832234108314
    },
    "recall@10": {
      "mean": 0.23086666666666666,
      "ci_lower": 0.21553000000000003,
      "ci_upper": 0.24475083333333333,
      "std": 0.2323828871726469
    },
    "recall@100": {
      "mean": 0.5101166666666667,
      "ci_lower": 0.4906820833333334,
      "ci_upper": 0.5278733333333334,
      "std": 0.301325507098046
    }
  },
  "method_results": [
    {
      "method": "naive_scalar",
      "bit_width": 2,
      "mse": 0.003607130143791437,
      "elapsed_seconds": 0.34688399999868125,
      "n_queries_evaluated": 1000,
      "ndcg@10": {
        "mean": 0.20170164653678216,
        "ci_lower": 0.18750859550592014,
        "ci_upper": 0.21603925546119399,
        "std": 0.22391142004082462
      },
      "mrr@10": {
        "mean": 0.33428492063492066,
        "ci_lower": 0.31061718253968257,
        "ci_upper": 0.3581252083333334,
        "std": 0.3854231333472765
      },
      "recall@1": {
        "mean": 0.044033333333333334,
        "ci_lower": 0.03855,
        "ci_upper": 0.04920125,
        "std": 0.08392985694944452
      },
      "recall@5": {
        "mean": 0.14708333333333334,
        "ci_lower": 0.13544874999999998,
        "ci_upper": 0.15893375,
        "std": 0.18277995699568925
      },
      "recall@10": {
        "mean": 0.21826666666666672,
        "ci_lower": 0.20417083333333333,
        "ci_upper": 0.23248833333333335,
        "std": 0.22662357045799886
      },
      "recall@100": {
        "mean": 0.48391666666666666,
        "ci_lower": 0.4645316666666667,
        "ci_upper": 0.5022333333333333,
        "std": 0.30182119463936513
      }
    },
    {
      "method": "turboquant_mse",
      "bit_width": 2,
      "mse": 0.00033953183447010815,
      "elapsed_seconds": 0.28161060001002625,
      "n_queries_evaluated": 1000,
      "ndcg@10": {
        "mean": 0.21172974729453725,
        "ci_lower": 0.1973449362146882,
        "ci_upper": 0.22568452900252198,
        "std": 0.23009894746485526
      },
      "mrr@10": {
        "mean": 0.35190079365079363,
        "ci_lower": 0.326991626984127,
        "ci_upper": 0.3766083531746032,
        "std": 0.3933894497170297
      },
      "recall@1": {
        "mean": 0.04738333333333333,
        "ci_lower": 0.04183125,
        "ci_upper": 0.05288333333333334,
        "std": 0.08599899220335856
      },
      "recall@5": {
        "mean": 0.15663333333333332,
        "ci_lower": 0.14509875,
        "ci_upper": 0.16764166666666666,
        "std": 0.18570567195591145
      },
      "recall@10": {
        "mean": 0.22608333333333336,
        "ci_lower": 0.21098250000000002,
        "ci_upper": 0.24011833333333338,
        "std": 0.23523450591435935
      },
      "recall@100": {
        "mean": 0.5013166666666666,
        "ci_lower": 0.48151583333333337,
        "ci_upper": 0.5196358333333334,
        "std": 0.3026275945133902
      }
    },
    {
      "method": "turboquant_ip",
      "bit_width": 2,
      "mse": 0.0008557451656088233,
      "elapsed_seconds": 0.2906805999809876,
      "n_queries_evaluated": 1000,
      "ndcg@10": {
        "mean": 0.20458707512164825,
        "ci_lower": 0.1901934017870753,
        "ci_upper": 0.21842628008457476,
        "std": 0.2240005867343894
      },
      "mrr@10": {
        "mean": 0.34469761904761903,
        "ci_lower": 0.32095803571428566,
        "ci_upper": 0.36804525793650794,
        "std": 0.3917990888375319
      },
      "recall@1": {
        "mean": 0.04668333333333334,
        "ci_lower": 0.04154375000000001,
        "ci_upper": 0.05181666666666667,
        "std": 0.08541998638535407
      },
      "recall@5": {
        "mean": 0.15348333333333336,
        "ci_lower": 0.14228125000000003,
        "ci_upper": 0.1641525,
        "std": 0.1811885945825697
      },
      "recall@10": {
        "mean": 0.21819999999999998,
        "ci_lower": 0.20406416666666669,
        "ci_upper": 0.23290333333333332,
        "std": 0.2282195817865859
      },
      "recall@100": {
        "mean": 0.48801666666666665,
        "ci_lower": 0.4681791666666667,
        "ci_upper": 0.5067008333333334,
        "std": 0.29939045655934354
      }
    },
    {
      "method": "naive_scalar",
      "bit_width": 3,
      "mse": 0.000526296382304281,
      "elapsed_seconds": 0.3486263000231702,
      "n_queries_evaluated": 1000,
      "ndcg@10": {
        "mean": 0.21319686681671887,
        "ci_lower": 0.1993378130810117,
        "ci_upper": 0.2272636131973978,
        "std": 0.23123129103706858
      },
      "mrr@10": {
        "mean": 0.34948968253968254,
        "ci_lower": 0.3264591865079365,
        "ci_upper": 0.3724584126984127,
        "std": 0.3908793825141816
      },
      "recall@1": {
        "mean": 0.046983333333333335,
        "ci_lower": 0.04186625,
        "ci_upper": 0.05225,
        "std": 0.08575273191584648
      },
      "recall@5": {
        "mean": 0.15473333333333336,
        "ci_lower": 0.14254666666666668,
        "ci_upper": 0.16695125000000002,
        "std": 0.18786697598921956
      },
      "recall@10": {
        "mean": 0.22966666666666669,
        "ci_lower": 0.214665,
        "ci_upper": 0.24380208333333334,
        "std": 0.23389132004851845
      },
      "recall@100": {
        "mean": 0.49661666666666665,
        "ci_lower": 0.4771966666666667,
        "ci_upper": 0.515085,
        "std": 0.30122732623176035
      }
    },
    {
      "method": "turboquant_mse",
      "bit_width": 3,
      "mse": 0.00013135008339304477,
      "elapsed_seconds": 0.2896136000053957,
      "n_queries_evaluated": 1000,
      "ndcg@10": {
        "mean": 0.2155447107172772,
        "ci_lower": 0.20125682114075896,
        "ci_upper": 0.22973469236310168,
        "std": 0.23148714569662435
      },
      "mrr@10": {
        "mean": 0.36017539682539684,
        "ci_lower": 0.33612344246031745,
        "ci_upper": 0.38429167658730157,
        "std": 0.39675691327884066
      },
      "recall@1": {
        "mean": 0.049383333333333335,
        "ci_lower": 0.04383208333333333,
        "ci_upper": 0.054817083333333336,
        "std": 0.0871923161752227
      },
      "recall@5": {
        "mean": 0.16068333333333334,
        "ci_lower": 0.14894333333333337,
        "ci_upper": 0.1730175,
        "std": 0.19154938963272283
      },
      "recall@10": {
        "mean": 0.22878333333333334,
        "ci_lower": 0.2144829166666667,
        "ci_upper": 0.24211708333333334,
        "std": 0.2344072188398733
      },
      "recall@100": {
        "mean": 0.5069666666666667,
        "ci_lower": 0.48784958333333334,
        "ci_upper": 0.5250720833333333,
        "std": 0.3007374597324933
      }
    },
    {
      "method": "turboquant_ip",
      "bit_width": 3,
      "mse": 0.0003071323153562844,
      "elapsed_seconds": 0.2940480999823194,
      "n_queries_evaluated": 1000,
      "ndcg@10": {
        "mean": 0.21204351619627568,
        "ci_lower": 0.19800399829802617,
        "ci_upper": 0.22594085975979097,
        "std": 0.23011710896777393
      },
      "mrr@10": {
        "mean": 0.3513011904761905,
        "ci_lower": 0.32635803571428573,
        "ci_upper": 0.37556965277777776,
        "std": 0.39212875882255077
      },