{
  "dataset": "cqadupstack/programmers",
  "n_corpus": 32176,
  "n_queries": 876,
  "embedding_dim": 384,
  "float32_baseline": {
    "n_queries_evaluated": 876,
    "ndcg@10": {
      "mean": 0.38967615389602545,
      "ci_lower": 0.36211004216773574,
      "ci_upper": 0.4145549656759487,
      "std": 0.39023903279299643
    },
    "mrr@10": {
      "mean": 0.37271598898311226,
      "ci_lower": 0.3452587858773647,
      "ci_upper": 0.4001218901754004,
      "std": 0.41112360615439003
    },
    "recall@1": {
      "mean": 0.2208164591940277,
      "ci_lower": 0.19470881351018335,
      "ci_upper": 0.24640796855747626,
      "std": 0.3961790446352226
    },
    "recall@5": {
      "mean": 0.4333796728702551,
      "ci_lower": 0.40221299369469315,
      "ci_upper": 0.4634664333834924,
      "std": 0.4639019322016764
    },
    "recall@10": {
      "mean": 0.5285938718719759,
      "ci_lower": 0.4967355527747869,
      "ci_upper": 0.5569348707940963,
      "std": 0.4696853273684331
    },
    "recall@100": {
      "mean": 0.7681159865592901,
      "ci_lower": 0.7411324800173331,
      "ci_upper": 0.7945941852909825,
      "std": 0.39286470945199087
    }
  },
  "method_results": [
    {
      "method": "naive_scalar",
      "bit_width": 2,
      "mse": 0.0037295182701200247,
      "elapsed_seconds": 0.4281394999998156,
      "n_queries_evaluated": 876,
      "ndcg@10": {
        "mean": 0.3714128489829198,
        "ci_lower": 0.3439278305729918,
        "ci_upper": 0.39662872997982523,
        "std": 0.3954167854232158
      },
      "mrr@10": {
        "mean": 0.3632931977966225,
        "ci_lower": 0.3339221954953976,
        "ci_upper": 0.3911135799449155,
        "std": 0.42104009600565945
      },
      "recall@1": {
        "mean": 0.22732568674349496,
        "ci_lower": 0.20116037453794303,
        "ci_upper": 0.25333324273392765,
        "std": 0.39855151546478124
      },
      "recall@5": {
        "mean": 0.4020190283460831,
        "ci_lower": 0.3725579949445532,
        "ci_upper": 0.4313814545899306,
        "std": 0.461666747757463
      },
      "recall@10": {
        "mean": 0.4942915596056972,
        "ci_lower": 0.46401648888592373,
        "ci_upper": 0.5228844758348168,
        "std": 0.46894932780497506
      },
      "recall@100": {
        "mean": 0.7454230456310534,
        "ci_lower": 0.7191336177260031,
        "ci_upper": 0.7722490462981723,
        "std": 0.40643639425697964
      }
    },
    {
      "method": "turboquant_mse",
      "bit_width": 2,
      "mse": 0.00033848214661702514,
      "elapsed_seconds": 0.3581430000194814,
      "n_queries_evaluated": 876,
      "ndcg@10": {
        "mean": 0.38564693516334264,
        "ci_lower": 0.3583541737523732,
        "ci_upper": 0.4100658306329209,
        "std": 0.39144125794823204
      },
      "mrr@10": {
        "mean": 0.36632420091324197,
        "ci_lower": 0.338549344966297,
        "ci_upper": 0.39264298851199536,
        "std": 0.4119797295367293
      },
      "recall@1": {
        "mean": 0.22173207943755888,
        "ci_lower": 0.19623457545118506,
        "ci_upper": 0.24711329908675797,
        "std": 0.39693580585516297
      },
      "recall@5": {
        "mean": 0.42007103832874376,
        "ci_lower": 0.38883505858677087,
        "ci_upper": 0.4488467138360117,
        "std": 0.46435539473741555
      },
      "recall@10": {
        "mean": 0.5263567460475213,
        "ci_lower": 0.4950028483478402,
        "ci_upper": 0.5543851076545854,
        "std": 0.46904432681437136
      },
      "recall@100": {
        "mean": 0.7695516862714562,
        "ci_lower": 0.7443197621600876,
        "ci_upper": 0.794772725122097,
        "std": 0.3913060748170626
      }
    },
    {
      "method": "turboquant_ip",
      "bit_width": 2,
      "mse": 0.0008547697798348963,
      "elapsed_seconds": 0.37070020000101067,
      "n_queries_evaluated": 876,
      "ndcg@10": {
        "mean": 0.37213920181542326,
        "ci_lower": 0.3458844897923837,
        "ci_upper": 0.39820701734375535,
        "std": 0.3927487417040073
      },
      "mrr@10": {
        "mean": 0.3628805175038052,
        "ci_lower": 0.33449204310719727,
        "ci_upper": 0.3907238552765094,
        "std": 0.41774059625444104
      },
      "recall@1": {
        "mean": 0.22215914238602594,
        "ci_lower": 0.19656187996031746,
        "ci_upper": 0.24821718206403565,
        "std": 0.3946189504864968
      },
      "recall@5": {
        "mean": 0.41027671117568376,
        "ci_lower": 0.37992122536107986,
        "ci_upper": 0.439380885357983,
        "std": 0.4606782516946156
      },
      "recall@10": {
        "mean": 0.497615369864439,
        "ci_lower": 0.4658411881563299,
        "ci_upper": 0.5250778931114228,
        "std": 0.46715528793161537
      },
      "recall@100": {
        "mean": 0.7560157086219822,
        "ci_lower": 0.728774254406085,
        "ci_upper": 0.7803724164585493,
        "std": 0.39651157633053263
      }
    },
    {
      "method": "naive_scalar",
      "bit_width": 3,
      "mse": 0.0005383262177929282,
      "elapsed_seconds": 0.42208849999587983,
      "n_queries_evaluated": 876,
      "ndcg@10": {
        "mean": 0.3820716804805178,
        "ci_lower": 0.35580985881541416,
        "ci_upper": 0.4069650085796285,
        "std": 0.39345984134193074
      },
      "mrr@10": {
        "mean": 0.3711581322026527,
        "ci_lower": 0.34241351154236427,
        "ci_upper": 0.39782919294049424,
        "std": 0.41847918012527785
      },
      "recall@1": {
        "mean": 0.22598334329926795,
        "ci_lower": 0.19887621346578963,
        "ci_upper": 0.2510359079419439,
        "std": 0.39706917045018253
      },
      "recall@5": {
        "mean": 0.42170729844103133,
        "ci_lower": 0.3914708872708659,
        "ci_upper": 0.4494176247039046,
        "std": 0.46340330404189684
      },
      "recall@10": {
        "mean": 0.5112773420880551,
        "ci_lower": 0.4809656621570882,
        "ci_upper": 0.5396334694185879,
        "std": 0.4689585568904347
      },
      "recall@100": {
        "mean": 0.7582166614314437,
        "ci_lower": 0.7322101402984194,
        "ci_upper": 0.7845485048354242,
        "std": 0.39754124795231155
      }
    },
    {
      "method": "turboquant_mse",
      "bit_width": 3,
      "mse": 0.00013070841669104993,
      "elapsed_seconds": 0.4153029999870341,
      "n_queries_evaluated": 876,
      "ndcg@10": {
        "mean": 0.38551575865895726,
        "ci_lower": 0.3593360897312198,
        "ci_upper": 0.41011352499186177,
        "std": 0.38937288669334075
      },
      "mrr@10": {
        "mean": 0.3673448032180909,
        "ci_lower": 0.3407388834529245,
        "ci_upper": 0.3926761252446184,
        "std": 0.41006943182122557
      },
      "recall@1": {
        "mean": 0.21796257791548887,
        "ci_lower": 0.1936722430600855,
        "ci_upper": 0.24414530785678046,
        "std": 0.394512434820996
      },
      "recall@5": {
        "mean": 0.4260202831478517,
        "ci_lower": 0.39447021997535703,
        "ci_upper": 0.4551613495625696,
        "std": 0.46446261402157957
      },
      "recall@10": {
        "mean": 0.5255895955800284,
        "ci_lower": 0.49395446204046417,
        "ci_upper": 0.5540615346791078,
        "std": 0.4705027028308046
      },
      "recall@100": {
        "mean": 0.7701086414404942,
        "ci_lower": 0.7448080406384519,
        "ci_upper": 0.7949653764973577,
        "std": 0.39162464189291213
      }
    },
    {
      "method": "turboquant_ip",
      "bit_width": 3,
      "mse": 0.0003062084433622658,
      "elapsed_seconds": 0.4092992000223603,
      "n_queries_evaluated": 876,
      "ndcg@10": {
        "mean": 0.38763649942993383,
        "ci_lower": 0.36128993999924053,
        "ci_upper": 0.4125454518075089,
        "std": 0.3916610642169909
      },
      "mrr@10": {
        "mean": 0.3684197651663405,
        "ci_lower": 0.340112660360948,