{
  "dataset": "scifact",
  "n_corpus": 5183,
  "n_queries": 300,
  "embedding_dim": 384,
  "float32_baseline": {
    "n_queries_evaluated": 300,
    "ndcg@10": {
      "mean": 0.6450816521455776,
      "ci_lower": 0.6003610634869091,
      "ci_upper": 0.6896245791843076,
      "std": 0.3988320710821012
    },
    "mrr@10": {
      "mean": 0.6047248677248678,
      "ci_lower": 0.5564508597883598,
      "ci_upper": 0.6533901455026455,
      "std": 0.4235679944553084
    },
    "recall@1": {
      "mean": 0.4823333333333333,
      "ci_lower": 0.4263777777777778,
      "ci_upper": 0.5412333333333333,
      "std": 0.4931120884470135
    },
    "recall@5": {
      "mean": 0.7379444444444444,
      "ci_lower": 0.6902208333333333,
      "ci_upper": 0.7856666666666666,
      "std": 0.43259739052794716
    },
    "recall@10": {
      "mean": 0.7833333333333333,
      "ci_lower": 0.7399666666666667,
      "ci_upper": 0.8290416666666666,
      "std": 0.40662024334327485
    },
    "recall@100": {
      "mean": 0.925,
      "ci_lower": 0.895,
      "ci_upper": 0.9533333333333334,
      "std": 0.26224206948930495
    }
  },
  "method_results": [
    {
      "method": "naive_scalar",
      "bit_width": 2,
      "mse": 0.0033694803714752197,
      "elapsed_seconds": 0.09509069999330677,
      "n_queries_evaluated": 300,
      "ndcg@10": {
        "mean": 0.6088217533730529,
        "ci_lower": 0.5607821382532496,
        "ci_upper": 0.6550237933429707,
        "std": 0.40504862480700077
      },
      "mrr@10": {
        "mean": 0.5672883597883598,
        "ci_lower": 0.5176641534391534,
        "ci_upper": 0.6167853505291004,
        "std": 0.4299989262474251
      },
      "recall@1": {
        "mean": 0.4483333333333333,
        "ci_lower": 0.3919305555555555,
        "ci_upper": 0.5075069444444444,
        "std": 0.4912529200301277
      },
      "recall@5": {
        "mean": 0.6941111111111111,
        "ci_lower": 0.6424444444444445,
        "ci_upper": 0.7451249999999999,
        "std": 0.4531718048948338
      },
      "recall@10": {
        "mean": 0.7570555555555556,
        "ci_lower": 0.7109722222222223,
        "ci_upper": 0.8063055555555555,
        "std": 0.4214841200989696
      },
      "recall@100": {
        "mean": 0.8966666666666666,
        "ci_lower": 0.8633333333333333,
        "ci_upper": 0.9283333333333333,
        "std": 0.3021476452896317
      }
    },
    {
      "method": "turboquant_mse",
      "bit_width": 2,
      "mse": 0.00033830635948106647,
      "elapsed_seconds": 0.14521909999893978,
      "n_queries_evaluated": 300,
      "ndcg@10": {
        "mean": 0.6474328797168799,
        "ci_lower": 0.6012568972416319,
        "ci_upper": 0.6933065310542651,
        "std": 0.3970731944800856
      },
      "mrr@10": {
        "mean": 0.6053253968253969,
        "ci_lower": 0.5547002645502646,
        "ci_upper": 0.6558615410052909,
        "std": 0.4266951867241955
      },
      "recall@1": {
        "mean": 0.49288888888888893,
        "ci_lower": 0.4358069444444445,
        "ci_upper": 0.5525027777777778,
        "std": 0.49328394200712733
      },
      "recall@5": {
        "mean": 0.7223888888888889,
        "ci_lower": 0.6730263888888889,
        "ci_upper": 0.772888888888889,
        "std": 0.43913409766149236
      },
      "recall@10": {
        "mean": 0.795,
        "ci_lower": 0.752325,
        "ci_upper": 0.8383333333333334,
        "std": 0.3971575426859908
      },
      "recall@100": {
        "mean": 0.9233333333333333,
        "ci_lower": 0.8933333333333333,
        "ci_upper": 0.9516666666666667,
        "std": 0.26335033742709624
      }
    },
    {
      "method": "turboquant_ip",
      "bit_width": 2,
      "mse": 0.0008544399170204997,
      "elapsed_seconds": 0.1175844999961555,
      "n_queries_evaluated": 300,
      "ndcg@10": {
        "mean": 0.6109206234704895,
        "ci_lower": 0.5623549194346334,
        "ci_upper": 0.6563252781296471,
        "std": 0.400522216828686
      },
      "mrr@10": {
        "mean": 0.5656269841269841,
        "ci_lower": 0.5162510912698413,
        "ci_upper": 0.6144544642857143,
        "std": 0.42444207252154387
      },
      "recall@1": {
        "mean": 0.43399999999999994,
        "ci_lower": 0.3814486111111111,
        "ci_upper": 0.48972499999999997,
        "std": 0.4898349095083171
      },
      "recall@5": {
        "mean": 0.6856111111111112,
        "ci_lower": 0.6317138888888889,
        "ci_upper": 0.7360569444444445,
        "std": 0.4537586091603032
      },
      "recall@10": {
        "mean": 0.7662222222222222,
        "ci_lower": 0.7193027777777778,
        "ci_upper": 0.812463888888889,
        "std": 0.4174916989794049
      },
      "recall@100": {
        "mean": 0.9126666666666667,
        "ci_lower": 0.8803333333333334,
        "ci_upper": 0.9443416666666666,
        "std": 0.27886455557625944
      }
    },
    {
      "method": "naive_scalar",
      "bit_width": 3,
      "mse": 0.0005016159848310053,
      "elapsed_seconds": 0.09794619999593124,
      "n_queries_evaluated": 300,
      "ndcg@10": {
        "mean": 0.6366673351739112,
        "ci_lower": 0.5888932191221695,
        "ci_upper": 0.6809785299496569,
        "std": 0.4010454639175976
      },
      "mrr@10": {
        "mean": 0.5922010582010582,
        "ci_lower": 0.5411786044973544,
        "ci_upper": 0.6418122023809524,
        "std": 0.42852740338314094
      },
      "recall@1": {
        "mean": 0.47955555555555557,
        "ci_lower": 0.4231361111111111,
        "ci_upper": 0.5360069444444444,
        "std": 0.49460353016334546
      },
      "recall@5": {
        "mean": 0.7035555555555555,
        "ci_lower": 0.6521611111111111,
        "ci_upper": 0.7544486111111111,
        "std": 0.4489307113571683
      },
      "recall@10": {
        "mean": 0.7839999999999999,
        "ci_lower": 0.738325,
        "ci_upper": 0.8293416666666666,
        "std": 0.40648258713687224
      },
      "recall@100": {
        "mean": 0.92,
        "ci_lower": 0.89,
        "ci_upper": 0.95,
        "std": 0.26865202966565926
      }
    },
    {
      "method": "turboquant_mse",
      "bit_width": 3,
      "mse": 0.00013056998432148248,
      "elapsed_seconds": 0.10310379997827113,
      "n_queries_evaluated": 300,
      "ndcg@10": {
        "mean": 0.6418511257657887,
        "ci_lower": 0.593636324744287,
        "ci_upper": 0.687273736846066,
        "std": 0.4030424128516833
      },
      "mrr@10": {
        "mean": 0.6036031746031747,
        "ci_lower": 0.5534713293650794,
        "ci_upper": 0.6526407738095238,
        "std": 0.42811378315909215
      },
      "recall@1": {
        "mean": 0.4873333333333333,
        "ci_lower": 0.4306652777777778,
        "ci_upper": 0.5464055555555555,
        "std": 0.4924181000778515
      },
      "recall@5": {
        "mean": 0.7301666666666667,
        "ci_lower": 0.6801555555555556,
        "ci_upper": 0.7795180555555555,
        "std": 0.43594761744725
      },
      "recall@10": {
        "mean": 0.7773333333333333,
        "ci_lower": 0.73165,
        "ci_upper": 0.8243333333333333,
        "std": 0.41107521411670217
      },
      "recall@100": {
        "mean": 0.9266666666666666,
        "ci_lower": 0.8966666666666666,
        "ci_upper": 0.9533333333333334,
        "std": 0.26111842459139595
      }
    },
    {
      "method": "turboquant_ip",
      "bit_width": 3,
      "mse": 0.0003060452581848949,
      "elapsed_seconds": 0.10022639998351224,
      "n_queries_evaluated": 300,
      "ndcg@10": {
        "mean": 0.6462912626648262,
        "ci_lower": 0.6002176536710178,
        "ci_upper": 0.6925797232611927,
        "std": 0.39793942305763436
      },
      "mrr@10": {
        "mean": 0.6038955026455026,
        "ci_lower": 0.5532687169312169,
        "ci_upper": 0.6550005291005291,
        "std": 0.42609571530150114
      },
      "recall@1": {
        "mean": 0.4912222222222222,
        "ci_lower": 0.4341513888888889,