{
  "dataset": "cqadupstack/android",
  "n_corpus": 22998,
  "n_queries": 699,
  "embedding_dim": 384,
  "float32_baseline": {
    "n_queries_evaluated": 699,
    "ndcg@10": {
      "mean": 0.5382874441184567,
      "ci_lower": 0.5081377461571535,
      "ci_upper": 0.56792973289357,
      "std": 0.39965983078844275
    },
    "mrr@10": {
      "mean": 0.5309807661738992,
      "ci_lower": 0.5012289097804119,
      "ci_upper": 0.5638060750051094,
      "std": 0.4311826880503461
    },
    "recall@1": {
      "mean": 0.3465972368906222,
      "ci_lower": 0.31312764409330934,
      "ci_upper": 0.3832321566144216,
      "std": 0.4504815370472764
    },
    "recall@5": {
      "mean": 0.5741185200898837,
      "ci_lower": 0.5393112610279535,
      "ci_upper": 0.6064793728656933,
      "std": 0.4593483849966974
    },
    "recall@10": {
      "mean": 0.6646494940948473,
      "ci_lower": 0.631223991903426,
      "ci_upper": 0.6953074279672207,
      "std": 0.4344924002063678
    },
    "recall@100": {
      "mean": 0.8755878725630734,
      "ci_lower": 0.8522919081441933,
      "ci_upper": 0.897119180960601,
      "std": 0.3061728267446533
    }
  },
  "method_results": [
    {
      "method": "naive_scalar",
      "bit_width": 2,
      "mse": 0.0034977332688868046,
      "elapsed_seconds": 0.331406400015112,
      "n_queries_evaluated": 699,
      "ndcg@10": {
        "mean": 0.5017726549738776,
        "ci_lower": 0.47245992059993974,
        "ci_upper": 0.5324897250242753,
        "std": 0.40239421509468454
      },
      "mrr@10": {
        "mean": 0.4950547267070872,
        "ci_lower": 0.4629888218997661,
        "ci_upper": 0.5280374315916161,
        "std": 0.42924476734147354
      },
      "recall@1": {
        "mean": 0.3129159007414749,
        "ci_lower": 0.2800772227891327,
        "ci_upper": 0.3494677637145817,
        "std": 0.4400980235654924
      },
      "recall@5": {
        "mean": 0.549414073181448,
        "ci_lower": 0.5163497180691252,
        "ci_upper": 0.5831298198990982,
        "std": 0.46264020647272175
      },
      "recall@10": {
        "mean": 0.6255329458570674,
        "ci_lower": 0.5926381986404334,
        "ci_upper": 0.65753099691207,
        "std": 0.4493146663194679
      },
      "recall@100": {
        "mean": 0.8507330159501401,
        "ci_lower": 0.8262836248418842,
        "ci_upper": 0.8733546181341033,
        "std": 0.32920229544745894
      }
    },
    {
      "method": "turboquant_mse",
      "bit_width": 2,
      "mse": 0.00033791581518016756,
      "elapsed_seconds": 0.26600269999471493,
      "n_queries_evaluated": 699,
      "ndcg@10": {
        "mean": 0.5292597012949911,
        "ci_lower": 0.5003967456286913,
        "ci_upper": 0.5588638245188468,
        "std": 0.3996472938056216
      },
      "mrr@10": {
        "mean": 0.520582691827327,
        "ci_lower": 0.4906603963712333,
        "ci_upper": 0.5523841882962054,
        "std": 0.4282795726949
      },
      "recall@1": {
        "mean": 0.3327472625337242,
        "ci_lower": 0.300083774422889,
        "ci_upper": 0.3684695540615029,
        "std": 0.44714926907467145
      },
      "recall@5": {
        "mean": 0.5718311579456864,
        "ci_lower": 0.5374642081654393,
        "ci_upper": 0.6063380726249953,
        "std": 0.45995356312936164
      },
      "recall@10": {
        "mean": 0.6554746467162634,
        "ci_lower": 0.6226124918171854,
        "ci_upper": 0.6872609945136545,
        "std": 0.438102717339724
      },
      "recall@100": {
        "mean": 0.871957929743652,
        "ci_lower": 0.8485483672200533,
        "ci_upper": 0.8948511692131715,
        "std": 0.30926792190265573
      }
    },
    {
      "method": "turboquant_ip",
      "bit_width": 2,
      "mse": 0.000854083220474422,
      "elapsed_seconds": 0.2561181999917608,
      "n_queries_evaluated": 699,
      "ndcg@10": {
        "mean": 0.5114813343111637,
        "ci_lower": 0.4817927867991349,
        "ci_upper": 0.5410746836087879,
        "std": 0.40202482726691896
      },
      "mrr@10": {
        "mean": 0.5025353679860118,
        "ci_lower": 0.4725060176669619,
        "ci_upper": 0.535035765379113,
        "std": 0.4305660816923448
      },
      "recall@1": {
        "mean": 0.32184676976627863,
        "ci_lower": 0.28723852351458873,
        "ci_upper": 0.35583501445013543,
        "std": 0.4450132065887309
      },
      "recall@5": {
        "mean": 0.5578918678324503,
        "ci_lower": 0.5242111840250765,
        "ci_upper": 0.5895832281167516,
        "std": 0.4632318392413568
      },
      "recall@10": {
        "mean": 0.6356533988463536,
        "ci_lower": 0.6030610430659822,
        "ci_upper": 0.666471691718389,
        "std": 0.44482920631379075
      },
      "recall@100": {
        "mean": 0.8552665546191923,
        "ci_lower": 0.8294174643131523,
        "ci_upper": 0.877954263123698,
        "std": 0.32771325982064414
      }
    },
    {
      "method": "naive_scalar",
      "bit_width": 3,
      "mse": 0.0005202647880651057,
      "elapsed_seconds": 0.29649110001628287,
      "n_queries_evaluated": 699,
      "ndcg@10": {
        "mean": 0.528470359656257,
        "ci_lower": 0.49978832739666773,
        "ci_upper": 0.5586937242575153,
        "std": 0.40057028132210976
      },
      "mrr@10": {
        "mean": 0.5214302745418624,
        "ci_lower": 0.4919384977405364,
        "ci_upper": 0.5541454061357495,
        "std": 0.4293632716080252
      },
      "recall@1": {
        "mean": 0.33547590709976455,
        "ci_lower": 0.303950416656716,
        "ci_upper": 0.3710560400515721,
        "std": 0.4472727020080047
      },
      "recall@5": {
        "mean": 0.5766365844168347,
        "ci_lower": 0.542506561875138,
        "ci_upper": 0.6100450866551577,
        "std": 0.45928486387547934
      },
      "recall@10": {
        "mean": 0.6523689514850507,
        "ci_lower": 0.6185641901712691,
        "ci_upper": 0.683213601258576,
        "std": 0.43995782031333186
      },
      "recall@100": {
        "mean": 0.8688935667030026,
        "ci_lower": 0.8446910947093003,
        "ci_upper": 0.8906855386132693,
        "std": 0.31113472563788774
      }
    },
    {
      "method": "turboquant_mse",
      "bit_width": 3,
      "mse": 0.00013013418356422335,
      "elapsed_seconds": 0.2903703000047244,
      "n_queries_evaluated": 699,
      "ndcg@10": {
        "mean": 0.5358433081864785,
        "ci_lower": 0.5064704515459664,
        "ci_upper": 0.5659518386399459,
        "std": 0.3994494522634973
      },
      "mrr@10": {
        "mean": 0.5281592751549833,
        "ci_lower": 0.49567975509230877,
        "ci_upper": 0.5602459721370665,
        "std": 0.42991753914742786
      },
      "recall@1": {
        "mean": 0.3425438272578134,
        "ci_lower": 0.30912403674531824,
        "ci_upper": 0.3777881709744362,
        "std": 0.44985353800893496
      },
      "recall@5": {
        "mean": 0.5810960416659916,
        "ci_lower": 0.546659567965431,
        "ci_upper": 0.6135997555675942,
        "std": 0.45670768385488053
      },
      "recall@10": {
        "mean": 0.6620172193595684,
        "ci_lower": 0.628539210490113,
        "ci_upper": 0.6921170700926155,
        "std": 0.4355165533479316
      },
      "recall@100": {
        "mean": 0.8732834020281435,
        "ci_lower": 0.8494497258983653,
        "ci_upper": 0.8961644702307803,
        "std": 0.3098941369768506
      }
    },
    {
      "method": "turboquant_ip",
      "bit_width": 3,
      "mse": 0.0003057850699406117,
      "elapsed_seconds": 0.2877536000160035,
      "n_queries_evaluated": 699,
      "ndcg@10": {
        "mean": 0.5291614727692188,
        "ci_lower": 0.5000984203358562,
        "ci_upper": 0.5584241623838309,
        "std": 0.39862318875439884
      },
      "mrr@10": {
        "mean": 0.5205684992165679,
        "ci_lower": 0.49006995537843173,
        "ci_upper": 0.5533318431092036,