{
  "dataset": "cqadupstack/wordpress",
  "n_corpus": 48605,
  "n_queries": 541,
  "embedding_dim": 384,
  "float32_baseline": {
    "n_queries_evaluated": 541,
    "ndcg@10": {
      "mean": 0.3314807629102463,
      "ci_lower": 0.3000386457665752,
      "ci_upper": 0.36473705263861406,
      "std": 0.3956099804466161
    },
    "mrr@10": {
      "mean": 0.3027499046445442,
      "ci_lower": 0.2700793650793651,
      "ci_upper": 0.3358146840066895,
      "std": 0.4037454858526292
    },
    "recall@1": {
      "mean": 0.2080098582871226,
      "ci_lower": 0.17564695009242146,
      "ci_upper": 0.24060382008626,
      "std": 0.39666501076705984
    },
    "recall@5": {
      "mean": 0.36780553733627497,
      "ci_lower": 0.32935205612863466,
      "ci_upper": 0.4102372150338878,
      "std": 0.4695829457044155
    },
    "recall@10": {
      "mean": 0.4613360364120605,
      "ci_lower": 0.4214201597996542,
      "ci_upper": 0.5008664261721624,
      "std": 0.4847549340106528
    },
    "recall@100": {
      "mean": 0.7215140364177393,
      "ci_lower": 0.6844546815506359,
      "ci_upper": 0.7568349808768537,
      "std": 0.4317813332848205
    }
  },
  "method_results": [
    {
      "method": "naive_scalar",
      "bit_width": 2,
      "mse": 0.0038971274625509977,
      "elapsed_seconds": 0.459347500000149,
      "n_queries_evaluated": 541,
      "ndcg@10": {
        "mean": 0.31462202824064056,
        "ci_lower": 0.28120873081502284,
        "ci_upper": 0.3479986753773044,
        "std": 0.38567540495244973
      },
      "mrr@10": {
        "mean": 0.2848252794648358,
        "ci_lower": 0.2518547369656427,
        "ci_upper": 0.3187736738256609,
        "std": 0.3927977246950115
      },
      "recall@1": {
        "mean": 0.18767714109673445,
        "ci_lower": 0.1549599507085644,
        "ci_upper": 0.21942236598890943,
        "std": 0.3808320510732402
      },
      "recall@5": {
        "mean": 0.3465804066543438,
        "ci_lower": 0.30806993222427603,
        "ci_upper": 0.38583025261860754,
        "std": 0.4620395747954046
      },
      "recall@10": {
        "mean": 0.44784250591298475,
        "ci_lower": 0.40948239023711563,
        "ci_upper": 0.48852483453580586,
        "std": 0.48416521259900286
      },
      "recall@100": {
        "mean": 0.6834075828172781,
        "ci_lower": 0.6450475239287773,
        "ci_upper": 0.7208335462859642,
        "std": 0.450080148569814
      }
    },
    {
      "method": "turboquant_mse",
      "bit_width": 2,
      "mse": 0.00033794576302170753,
      "elapsed_seconds": 0.3853051000041887,
      "n_queries_evaluated": 541,
      "ndcg@10": {
        "mean": 0.3229075834030659,
        "ci_lower": 0.2904903977682113,
        "ci_upper": 0.3555865705428975,
        "std": 0.390339727923166
      },
      "mrr@10": {
        "mean": 0.29498577003198073,
        "ci_lower": 0.26238067731713755,
        "ci_upper": 0.3279896686031159,
        "std": 0.3958298097616726
      },
      "recall@1": {
        "mean": 0.19414664202094886,
        "ci_lower": 0.16301601971657426,
        "ci_upper": 0.22748613678373383,
        "std": 0.3866558053225492
      },
      "recall@5": {
        "mean": 0.38290103949277526,
        "ci_lower": 0.34481416333750725,
        "ci_upper": 0.4244298690199352,
        "std": 0.47254730446239973
      },
      "recall@10": {
        "mean": 0.44747282014588674,
        "ci_lower": 0.40848890942698707,
        "ci_upper": 0.4892588396637052,
        "std": 0.4824349035192322
      },
      "recall@100": {
        "mean": 0.7047035557410609,
        "ci_lower": 0.6668248762745215,
        "ci_upper": 0.7426638741478344,
        "std": 0.44124931458370314
      }
    },
    {
      "method": "turboquant_ip",
      "bit_width": 2,
      "mse": 0.0008537706453353167,
      "elapsed_seconds": 0.351550599996699,
      "n_queries_evaluated": 541,
      "ndcg@10": {
        "mean": 0.30270114229208894,
        "ci_lower": 0.2703171843294162,
        "ci_upper": 0.3366476707833109,
        "std": 0.3890145122662162
      },
      "mrr@10": {
        "mean": 0.278468738080568,
        "ci_lower": 0.2448877739635596,
        "ci_upper": 0.31174768212892057,
        "std": 0.3951819531809425
      },
      "recall@1": {
        "mean": 0.18860135551447935,
        "ci_lower": 0.15532809611829945,
        "ci_upper": 0.21904959950708563,
        "std": 0.3823302429269693
      },
      "recall@5": {
        "mean": 0.3477808916184684,
        "ci_lower": 0.31096500904338836,
        "ci_upper": 0.38796036809572076,
        "std": 0.46319014825033356
      },
      "recall@10": {
        "mean": 0.4169737443603045,
        "ci_lower": 0.3770725259873194,
        "ci_upper": 0.4580812613042355,
        "std": 0.48010917277813314
      },
      "recall@100": {
        "mean": 0.6793820682527378,
        "ci_lower": 0.6395215202830283,
        "ci_upper": 0.7169989366565301,
        "std": 0.4508352399258317
      }
    },
    {
      "method": "naive_scalar",
      "bit_width": 3,
      "mse": 0.0005580323631875217,
      "elapsed_seconds": 0.45818890002556145,
      "n_queries_evaluated": 541,
      "ndcg@10": {
        "mean": 0.31495793507051484,
        "ci_lower": 0.2833589682323021,
        "ci_upper": 0.3482831786076497,
        "std": 0.38960034452513476
      },
      "mrr@10": {
        "mean": 0.2886365636827744,
        "ci_lower": 0.25660787636064897,
        "ci_upper": 0.32236353167268134,
        "std": 0.39575080960440334
      },
      "recall@1": {
        "mean": 0.19291435613062233,
        "ci_lower": 0.16087492298213185,
        "ci_upper": 0.22526186075169438,
        "std": 0.38540917951660125
      },
      "recall@5": {
        "mean": 0.36592729513247074,
        "ci_lower": 0.3278373382624769,
        "ci_upper": 0.40543130006161426,
        "std": 0.4678726344974888
      },
      "recall@10": {
        "mean": 0.43669031860552937,
        "ci_lower": 0.3979965416492755,
        "ci_upper": 0.47622801264086817,
        "std": 0.4806549168085372
      },
      "recall@100": {
        "mean": 0.6986541393732378,
        "ci_lower": 0.6607123655913979,
        "ci_upper": 0.7356572037615953,
        "std": 0.4435207743339867
      }
    },
    {
      "method": "turboquant_mse",
      "bit_width": 3,
      "mse": 0.0001303973695030436,
      "elapsed_seconds": 0.44284579998929985,
      "n_queries_evaluated": 541,
      "ndcg@10": {
        "mean": 0.32454576186262435,
        "ci_lower": 0.2931441803067563,
        "ci_upper": 0.3562770461939637,
        "std": 0.38843435799310705
      },
      "mrr@10": {
        "mean": 0.29433368541501626,
        "ci_lower": 0.2622385243376464,
        "ci_upper": 0.32680456532582225,
        "std": 0.3942484962637603
      },
      "recall@1": {
        "mean": 0.1913739987677141,
        "ci_lower": 0.1593268638324091,
        "ci_upper": 0.22261860751694393,
        "std": 0.38383963020738976
      },
      "recall@5": {
        "mean": 0.3764315385685608,
        "ci_lower": 0.33841278595989105,
        "ci_upper": 0.41672843002802457,
        "std": 0.4713852315030154
      },
      "recall@10": {
        "mean": 0.45726949297398284,
        "ci_lower": 0.417248126726691,
        "ci_upper": 0.4974205970623895,
        "std": 0.4849901130199089
      },
      "recall@100": {
        "mean": 0.7182166778821719,
        "ci_lower": 0.6806296476911676,
        "ci_upper": 0.753738411827673,
        "std": 0.43450090714086576
      }
    },
    {
      "method": "turboquant_ip",
      "bit_width": 3,
      "mse": 0.00030575194978155196,
      "elapsed_seconds": 0.4252517999848351,
      "n_queries_evaluated": 541,
      "ndcg@10": {
        "mean": 0.327829730332766,
        "ci_lower": 0.29536897819461316,
        "ci_upper": 0.3610021548238241,
        "std": 0.39504771420044577
      },
      "mrr@10": {
        "mean": 0.30022298506586864,
        "ci_lower": 0.26733650206847986,