{
  "dataset": "fiqa",
  "n_corpus": 57638,
  "n_queries": 648,
  "embedding_dim": 384,
  "float32_baseline": {
    "n_queries_evaluated": 648,
    "ndcg@10": {
      "mean": 0.36867136984071575,
      "ci_lower": 0.342069840282605,
      "ci_upper": 0.3961624480763883,
      "std": 0.350723216448499
    },
    "mrr@10": {
      "mean": 0.44512235449735443,
      "ci_lower": 0.41134591478052124,
      "ci_upper": 0.4790434395208701,
      "std": 0.4328001860502672
    },
    "recall@1": {
      "mean": 0.17140281272225713,
      "ci_lower": 0.14868515347392663,
      "ci_upper": 0.19595313251563254,
      "std": 0.29941033258985744
    },
    "recall@5": {
      "mean": 0.36705632758873497,
      "ci_lower": 0.33844200937950936,
      "ci_upper": 0.3980488791686709,
      "std": 0.3934610835402605
    },
    "recall@10": {
      "mean": 0.44130556086574607,
      "ci_lower": 0.41148502217946664,
      "ci_upper": 0.4726295851353722,
      "std": 0.4006053914856933
    },
    "recall@100": {
      "mean": 0.7060569574458463,
      "ci_lower": 0.6789884167401528,
      "ci_upper": 0.7325729197285911,
      "std": 0.35968272649708805
    }
  },
  "method_results": [
    {
      "method": "naive_scalar",
      "bit_width": 2,
      "mse": 0.003879811381921172,
      "elapsed_seconds": 0.735431899985997,
      "n_queries_evaluated": 648,
      "ndcg@10": {
        "mean": 0.26171916141120427,
        "ci_lower": 0.23871227915059318,
        "ci_upper": 0.2861211682960463,
        "std": 0.3169633961432628
      },
      "mrr@10": {
        "mean": 0.32356763178522435,
        "ci_lower": 0.29300142073290214,
        "ci_upper": 0.3553621491034685,
        "std": 0.4046041234432211
      },
      "recall@1": {
        "mean": 0.11315398850121072,
        "ci_lower": 0.09462495034543646,
        "ci_upper": 0.13245175381460103,
        "std": 0.2519700734061315
      },
      "recall@5": {
        "mean": 0.25989866186625443,
        "ci_lower": 0.2299587183007322,
        "ci_upper": 0.28854261350789123,
        "std": 0.3591577152585258
      },
      "recall@10": {
        "mean": 0.3331232810399477,
        "ci_lower": 0.30437815495975223,
        "ci_upper": 0.3633000442201831,
        "std": 0.3875327214115709
      },
      "recall@100": {
        "mean": 0.6094816020741947,
        "ci_lower": 0.5814066645374515,
        "ci_upper": 0.6393302817724115,
        "std": 0.3911563629550681
      }
    },
    {
      "method": "turboquant_mse",
      "bit_width": 2,
      "mse": 0.00033899795380420983,
      "elapsed_seconds": 0.5388086000166368,
      "n_queries_evaluated": 648,
      "ndcg@10": {
        "mean": 0.36714324488822,
        "ci_lower": 0.3408175520481315,
        "ci_upper": 0.3952069044033324,
        "std": 0.35349998816459144
      },
      "mrr@10": {
        "mean": 0.4476870223398001,
        "ci_lower": 0.4125418411963551,
        "ci_upper": 0.48176842972271205,
        "std": 0.4371496378277148
      },
      "recall@1": {
        "mean": 0.17842196812104222,
        "ci_lower": 0.15498234468720581,
        "ci_upper": 0.2025651967202893,
        "std": 0.30498472800781784
      },
      "recall@5": {
        "mean": 0.356449153555635,
        "ci_lower": 0.3257621796713232,
        "ci_upper": 0.387998538348654,
        "std": 0.38904471761001647
      },
      "recall@10": {
        "mean": 0.4349899414714229,
        "ci_lower": 0.40719528553151246,
        "ci_upper": 0.4678466599415673,
        "std": 0.4002682059228688
      },
      "recall@100": {
        "mean": 0.6980647224860187,
        "ci_lower": 0.6719612779624354,
        "ci_upper": 0.725428516313933,
        "std": 0.36269111714689667
      }
    },
    {
      "method": "turboquant_ip",
      "bit_width": 2,
      "mse": 0.0008554089581593871,
      "elapsed_seconds": 0.5394540000124834,
      "n_queries_evaluated": 648,
      "ndcg@10": {
        "mean": 0.34381843081562025,
        "ci_lower": 0.3176458712332942,
        "ci_upper": 0.3700459773383836,
        "std": 0.3438345890360668
      },
      "mrr@10": {
        "mean": 0.412274642367235,
        "ci_lower": 0.3797382513962375,
        "ci_upper": 0.4457428687781697,
        "std": 0.4267838755029969
      },
      "recall@1": {
        "mean": 0.15624934907342314,
        "ci_lower": 0.13376694678778012,
        "ci_upper": 0.17981525547497768,
        "std": 0.29082147161387
      },
      "recall@5": {
        "mean": 0.3433662188291818,
        "ci_lower": 0.3133768520574076,
        "ci_upper": 0.3745540905639285,
        "std": 0.38694756609943465
      },
      "recall@10": {
        "mean": 0.42425667182611626,
        "ci_lower": 0.3948506294802592,
        "ci_upper": 0.45620184417348775,
        "std": 0.403285910886037
      },
      "recall@100": {
        "mean": 0.6759404818432596,
        "ci_lower": 0.6491415435773074,
        "ci_upper": 0.7039463729857248,
        "std": 0.3653844784337621
      }
    },
    {
      "method": "naive_scalar",
      "bit_width": 3,
      "mse": 0.0007882956997491419,
      "elapsed_seconds": 0.713129099982325,
      "n_queries_evaluated": 648,
      "ndcg@10": {
        "mean": 0.34954103583397356,
        "ci_lower": 0.32355180720398635,
        "ci_upper": 0.3755211013214886,
        "std": 0.34316956343275057
      },
      "mrr@10": {
        "mean": 0.41913457769939255,
        "ci_lower": 0.38683652692043896,
        "ci_upper": 0.45422337350578085,
        "std": 0.426404448537236
      },
      "recall@1": {
        "mean": 0.15768967829153013,
        "ci_lower": 0.13557122093869778,
        "ci_upper": 0.18078689828689828,
        "std": 0.2911189102659743
      },
      "recall@5": {
        "mean": 0.3380671583217879,
        "ci_lower": 0.3082135289050798,
        "ci_upper": 0.3668955867306562,
        "std": 0.3843140208035935
      },
      "recall@10": {
        "mean": 0.43171668866113305,
        "ci_lower": 0.40195601284432303,
        "ci_upper": 0.4622916926823177,
        "std": 0.40139447410511236
      },
      "recall@100": {
        "mean": 0.6817189454920937,
        "ci_lower": 0.6553632902591235,
        "ci_upper": 0.71082492835097,
        "std": 0.370061037813025
      }
    },
    {
      "method": "turboquant_mse",
      "bit_width": 3,
      "mse": 0.00013100047362968326,
      "elapsed_seconds": 0.5967869999876712,
      "n_queries_evaluated": 648,
      "ndcg@10": {
        "mean": 0.3655937511402221,
        "ci_lower": 0.3386293593751976,
        "ci_upper": 0.39275528189798997,
        "std": 0.35064356362380206
      },
      "mrr@10": {
        "mean": 0.4453360768175583,
        "ci_lower": 0.4107113615765236,
        "ci_upper": 0.4791029020919067,
        "std": 0.4356737186290424
      },
      "recall@1": {
        "mean": 0.17408812038441668,
        "ci_lower": 0.1517361690307292,
        "ci_upper": 0.19872923918930863,
        "std": 0.30098067923369104
      },
      "recall@5": {
        "mean": 0.36623940616996165,
        "ci_lower": 0.33607185253018584,
        "ci_upper": 0.3968659125082736,
        "std": 0.39187526109080273
      },
      "recall@10": {
        "mean": 0.43393725187706667,
        "ci_lower": 0.40370272656441636,
        "ci_upper": 0.46681337320515565,
        "std": 0.39753755339505437
      },
      "recall@100": {
        "mean": 0.7029955512594401,
        "ci_lower": 0.6767325898980991,
        "ci_upper": 0.7288100172504107,
        "std": 0.35936919273549073
      }
    },
    {
      "method": "turboquant_ip",
      "bit_width": 3,
      "mse": 0.00030672733555547893,
      "elapsed_seconds": 0.5817508000181988,
      "n_queries_evaluated": 648,
      "ndcg@10": {
        "mean": 0.3658737314133596,
        "ci_lower": 0.3381705430187708,
        "ci_upper": 0.39400628387481973,
        "std": 0.3517383995572692
      },
      "mrr@10": {
        "mean": 0.44487433862433867,
        "ci_lower": 0.4104339971585341,
        "ci_upper": 0.4791929073584166,