{
  "dataset": "cqadupstack/physics",
  "n_corpus": 38316,
  "n_queries": 1039,
  "embedding_dim": 384,
  "float32_baseline": {
    "n_queries_evaluated": 1039,
    "ndcg@10": {
      "mean": 0.4698194716407164,
      "ci_lower": 0.44729552093190944,
      "ci_upper": 0.49568887161579805,
      "std": 0.40113811463042537
    },
    "mrr@10": {
      "mean": 0.4631582565653788,
      "ci_lower": 0.438428720381319,
      "ci_upper": 0.49199461096597763,
      "std": 0.42856546163522524
    },
    "recall@1": {
      "mean": 0.2914206621617593,
      "ci_lower": 0.2665347812490497,
      "ci_upper": 0.32016198112504657,
      "std": 0.43092866223714815
    },
    "recall@5": {
      "mean": 0.5255596971188886,
      "ci_lower": 0.498880402776577,
      "ci_upper": 0.5542973384491671,
      "std": 0.46609311181860463
    },
    "recall@10": {
      "mean": 0.5969271823217925,
      "ci_lower": 0.5699595522429979,
      "ci_upper": 0.6252892840850011,
      "std": 0.45567125243131695
    },
    "recall@100": {
      "mean": 0.8484879706161482,
      "ci_lower": 0.8292360407658984,
      "ci_upper": 0.8690064425400297,
      "std": 0.3285753574236756
    }
  },
  "method_results": [
    {
      "method": "naive_scalar",
      "bit_width": 2,
      "mse": 0.003795899450778961,
      "elapsed_seconds": 0.48225339999771677,
      "n_queries_evaluated": 1039,
      "ndcg@10": {
        "mean": 0.4414935701465515,
        "ci_lower": 0.4185812966217438,
        "ci_upper": 0.4667739304025732,
        "std": 0.4001613896166628
      },
      "mrr@10": {
        "mean": 0.43274439708510926,
        "ci_lower": 0.4076540610629879,
        "ci_upper": 0.45955197687031174,
        "std": 0.4266443166431191
      },
      "recall@1": {
        "mean": 0.26902312744468665,
        "ci_lower": 0.2438872616128391,
        "ci_upper": 0.29467552572280675,
        "std": 0.4208518698176255
      },
      "recall@5": {
        "mean": 0.4876027992967357,
        "ci_lower": 0.45942103413109187,
        "ci_upper": 0.5177538203428482,
        "std": 0.4688857773989449
      },
      "recall@10": {
        "mean": 0.5726326487635438,
        "ci_lower": 0.5463431487703624,
        "ci_upper": 0.6017955927466274,
        "std": 0.46188228989578745
      },
      "recall@100": {
        "mean": 0.826055631898354,
        "ci_lower": 0.8040150217348315,
        "ci_upper": 0.8470968525004504,
        "std": 0.3462229671975056
      }
    },
    {
      "method": "turboquant_mse",
      "bit_width": 2,
      "mse": 0.00033771974267438054,
      "elapsed_seconds": 0.4256790000072215,
      "n_queries_evaluated": 1039,
      "ndcg@10": {
        "mean": 0.46573054612760906,
        "ci_lower": 0.44206487171128606,
        "ci_upper": 0.49174011160418873,
        "std": 0.40129488967730603
      },
      "mrr@10": {
        "mean": 0.4596590127870205,
        "ci_lower": 0.4356483359304581,
        "ci_upper": 0.48733888277800685,
        "std": 0.42930978627991295
      },
      "recall@1": {
        "mean": 0.289357857572487,
        "ci_lower": 0.2650105599257428,
        "ci_upper": 0.3185040251666815,
        "std": 0.42934183630813083
      },
      "recall@5": {
        "mean": 0.512950274138917,
        "ci_lower": 0.48569713137085607,
        "ci_upper": 0.5419720007641086,
        "std": 0.4656176097413021
      },
      "recall@10": {
        "mean": 0.5941421425300155,
        "ci_lower": 0.5670217018755276,
        "ci_upper": 0.6224682605331064,
        "std": 0.45767579753011345
      },
      "recall@100": {
        "mean": 0.8399141752719854,
        "ci_lower": 0.8192414307094713,
        "ci_upper": 0.859783084032256,
        "std": 0.3351376936653974
      }
    },
    {
      "method": "turboquant_ip",
      "bit_width": 2,
      "mse": 0.0008536073146387935,
      "elapsed_seconds": 0.4195328000059817,
      "n_queries_evaluated": 1039,
      "ndcg@10": {
        "mean": 0.4464397911274126,
        "ci_lower": 0.4235791422499349,
        "ci_upper": 0.4716102348544408,
        "std": 0.4008748332081664
      },
      "mrr@10": {
        "mean": 0.43971958690437996,
        "ci_lower": 0.4146022006813634,
        "ci_upper": 0.4660697576271445,
        "std": 0.43155046974161043
      },
      "recall@1": {
        "mean": 0.27904761920642573,
        "ci_lower": 0.25570932018598047,
        "ci_upper": 0.30523740732715704,
        "std": 0.4243391028840746
      },
      "recall@5": {
        "mean": 0.48739888990129604,
        "ci_lower": 0.45955915257467234,
        "ci_upper": 0.5176219306464734,
        "std": 0.4673976817467888
      },
      "recall@10": {
        "mean": 0.5789785338149149,
        "ci_lower": 0.5500838953473698,
        "ci_upper": 0.6070509559417162,
        "std": 0.4605326487766965
      },
      "recall@100": {
        "mean": 0.8279953093192634,
        "ci_lower": 0.8076019625818994,
        "ci_upper": 0.8504349866417465,
        "std": 0.3448834438937876
      }
    },
    {
      "method": "naive_scalar",
      "bit_width": 3,
      "mse": 0.0005521627608686686,
      "elapsed_seconds": 0.4932128999789711,
      "n_queries_evaluated": 1039,
      "ndcg@10": {
        "mean": 0.4568959917575013,
        "ci_lower": 0.4338179696671165,
        "ci_upper": 0.4822268902745054,
        "std": 0.3977610008419591
      },
      "mrr@10": {
        "mean": 0.4500630184701407,
        "ci_lower": 0.42499432833768735,
        "ci_upper": 0.47811432505308826,
        "std": 0.4265528551043111
      },
      "recall@1": {
        "mean": 0.2780805655685348,
        "ci_lower": 0.25237895245594955,
        "ci_upper": 0.3045807318683883,
        "std": 0.42411798442628856
      },
      "recall@5": {
        "mean": 0.5081101030812291,
        "ci_lower": 0.4805758239594861,
        "ci_upper": 0.5375116602089652,
        "std": 0.4665339358800254
      },
      "recall@10": {
        "mean": 0.5910285840747823,
        "ci_lower": 0.5630050275358263,
        "ci_upper": 0.6193228303322145,
        "std": 0.4571634890156055
      },
      "recall@100": {
        "mean": 0.839234203157376,
        "ci_lower": 0.8195063792659402,
        "ci_upper": 0.8600613571081851,
        "std": 0.33629057807780033
      }
    },
    {
      "method": "turboquant_mse",
      "bit_width": 3,
      "mse": 0.0001301821175729856,
      "elapsed_seconds": 0.4713093000173103,
      "n_queries_evaluated": 1039,
      "ndcg@10": {
        "mean": 0.46219472034924003,
        "ci_lower": 0.43999672900366066,
        "ci_upper": 0.48788686893492966,
        "std": 0.4025616333379777
      },
      "mrr@10": {
        "mean": 0.4572799700566784,
        "ci_lower": 0.43279837335961013,
        "ci_upper": 0.48551249293429277,
        "std": 0.4289457474721762
      },
      "recall@1": {
        "mean": 0.2867458374676854,
        "ci_lower": 0.2625178355303476,
        "ci_upper": 0.31481756983381143,
        "std": 0.4290563410262785
      },
      "recall@5": {
        "mean": 0.5200167799782813,
        "ci_lower": 0.493173259736662,
        "ci_upper": 0.5495239405230983,
        "std": 0.4662920045212724
      },
      "recall@10": {
        "mean": 0.584694683082556,
        "ci_lower": 0.5583819015881094,
        "ci_upper": 0.6136258741125198,
        "std": 0.4587874818397728
      },
      "recall@100": {
        "mean": 0.8489237822646643,
        "ci_lower": 0.8295195488187194,
        "ci_upper": 0.869056525817764,
        "std": 0.32841666077819576
      }
    },
    {
      "method": "turboquant_ip",
      "bit_width": 3,
      "mse": 0.00030550695373676717,
      "elapsed_seconds": 0.4817631999903824,
      "n_queries_evaluated": 1039,
      "ndcg@10": {
        "mean": 0.46596847022969745,
        "ci_lower": 0.4423443624017027,
        "ci_upper": 0.4924965388764392,
        "std": 0.4019463507443117
      },
      "mrr@10": {
        "mean": 0.4601734726614419,
        "ci_lower": 0.4359347930702598,
        "ci_upper": 0.48863543051163355,