{
  "dataset": "cqadupstack/tex",
  "n_corpus": 68184,
  "n_queries": 2906,
  "embedding_dim": 384,
  "float32_baseline": {
    "n_queries_evaluated": 2906,
    "ndcg@10": {
      "mean": 0.3051885832957532,
      "ci_lower": 0.2910406405106601,
      "ci_upper": 0.3187171884659806,
      "std": 0.37816456978178437
    },
    "mrr@10": {
      "mean": 0.2955271796720524,
      "ci_lower": 0.2806164790417199,
      "ci_upper": 0.3096780607172899,
      "std": 0.3993105570637184
    },
    "recall@1": {
      "mean": 0.17573157738577772,
      "ci_lower": 0.16261789858627687,
      "ci_upper": 0.18798392956087565,
      "std": 0.3615962047795633
    },
    "recall@5": {
      "mean": 0.3440876240012198,
      "ci_lower": 0.32708413035706374,
      "ci_upper": 0.35924414126984905,
      "std": 0.4517984532149749
    },
    "recall@10": {
      "mean": 0.41565689756138885,
      "ci_lower": 0.39830354000985263,
      "ci_upper": 0.43299609652710536,
      "std": 0.4678195536206356
    },
    "recall@100": {
      "mean": 0.6831116333669763,
      "ci_lower": 0.6660666636342739,
      "ci_upper": 0.6985590137177456,
      "std": 0.4372517534349504
    }
  },
  "method_results": [
    {
      "method": "naive_scalar",
      "bit_width": 2,
      "mse": 0.00347186834551394,
      "elapsed_seconds": 1.354195299994899,
      "n_queries_evaluated": 2906,
      "ndcg@10": {
        "mean": 0.2817515316558919,
        "ci_lower": 0.26845703145405675,
        "ci_upper": 0.2944427220232223,
        "std": 0.3651104225653301
      },
      "mrr@10": {
        "mean": 0.27037246419558875,
        "ci_lower": 0.25609300407476593,
        "ci_upper": 0.28407696446323427,
        "std": 0.38599028062444835
      },
      "recall@1": {
        "mean": 0.15637173822470274,
        "ci_lower": 0.14381471996925307,
        "ci_upper": 0.1688471546860607,
        "std": 0.3451184615725009
      },
      "recall@5": {
        "mean": 0.3131305388779601,
        "ci_lower": 0.29715443020449067,
        "ci_upper": 0.328848401564208,
        "std": 0.4402890171115965
      },
      "recall@10": {
        "mean": 0.396243431588609,
        "ci_lower": 0.3788255149556199,
        "ci_upper": 0.4127753070170619,
        "std": 0.46479556423132645
      },
      "recall@100": {
        "mean": 0.6553530842332055,
        "ci_lower": 0.6387346513124914,
        "ci_upper": 0.6710812587448326,
        "std": 0.446279713675945
      }
    },
    {
      "method": "turboquant_mse",
      "bit_width": 2,
      "mse": 0.000337082747137174,
      "elapsed_seconds": 1.2733973999856971,
      "n_queries_evaluated": 2906,
      "ndcg@10": {
        "mean": 0.2974768658186489,
        "ci_lower": 0.28348550653176713,
        "ci_upper": 0.31097043494207066,
        "std": 0.37423369665592277
      },
      "mrr@10": {
        "mean": 0.28772435792394496,
        "ci_lower": 0.2732076491987022,
        "ci_upper": 0.3020003734746939,
        "std": 0.394755141835602
      },
      "recall@1": {
        "mean": 0.1693169493434828,
        "ci_lower": 0.1560529377289816,
        "ci_upper": 0.1821920357044466,
        "std": 0.35665315415654786
      },
      "recall@5": {
        "mean": 0.337340375366497,
        "ci_lower": 0.320043345227113,
        "ci_upper": 0.35327927386053365,
        "std": 0.4495251448804108
      },
      "recall@10": {
        "mean": 0.4068702809380537,
        "ci_lower": 0.38936232862448217,
        "ci_upper": 0.42323885841520414,
        "std": 0.4656049980966549
      },
      "recall@100": {
        "mean": 0.672139971189285,
        "ci_lower": 0.6554048540425021,
        "ci_upper": 0.6877677091891019,
        "std": 0.4409492694616347
      }
    },
    {
      "method": "turboquant_ip",
      "bit_width": 2,
      "mse": 0.0008526000310666859,
      "elapsed_seconds": 1.2984348999743816,
      "n_queries_evaluated": 2906,
      "ndcg@10": {
        "mean": 0.2820207761515828,
        "ci_lower": 0.2680376833133899,
        "ci_upper": 0.2951139968109312,
        "std": 0.3681868253201639
      },
      "mrr@10": {
        "mean": 0.271841373622172,
        "ci_lower": 0.2573774258785873,
        "ci_upper": 0.28571640229847384,
        "std": 0.38670070935516127
      },
      "recall@1": {
        "mean": 0.1583051722297128,
        "ci_lower": 0.14498671404724667,
        "ci_upper": 0.17028547922846043,
        "std": 0.34793979963989075
      },
      "recall@5": {
        "mean": 0.3181934930722472,
        "ci_lower": 0.30220388824265265,
        "ci_upper": 0.3330879736562413,
        "std": 0.4429261610157961
      },
      "recall@10": {
        "mean": 0.38944780201212376,
        "ci_lower": 0.3718883213688773,
        "ci_upper": 0.4066278309132876,
        "std": 0.4627217706469805
      },
      "recall@100": {
        "mean": 0.6582676498623151,
        "ci_lower": 0.6413835937607655,
        "ci_upper": 0.6740394580069435,
        "std": 0.44548113709744647
      }
    },
    {
      "method": "naive_scalar",
      "bit_width": 3,
      "mse": 0.0005109332851134241,
      "elapsed_seconds": 1.3687110000173561,
      "n_queries_evaluated": 2906,
      "ndcg@10": {
        "mean": 0.29777853172952423,
        "ci_lower": 0.2834302079745671,
        "ci_upper": 0.31073641787243256,
        "std": 0.3751094162402647
      },
      "mrr@10": {
        "mean": 0.28881514982684975,
        "ci_lower": 0.2738577341351774,
        "ci_upper": 0.30292330318225025,
        "std": 0.39685157985744995
      },
      "recall@1": {
        "mean": 0.17174200860784006,
        "ci_lower": 0.15831085961933603,
        "ci_upper": 0.1843173392309825,
        "std": 0.3590061224839889
      },
      "recall@5": {
        "mean": 0.33102243595983527,
        "ci_lower": 0.3150047808230443,
        "ci_upper": 0.3462037768926762,
        "std": 0.44726591633430907
      },
      "recall@10": {
        "mean": 0.40756641561552365,
        "ci_lower": 0.389860730423984,
        "ci_upper": 0.42431560571067456,
        "std": 0.4655813480815638
      },
      "recall@100": {
        "mean": 0.6756803692016081,
        "ci_lower": 0.6590465159504556,
        "ci_upper": 0.690169798955751,
        "std": 0.44034066367217883
      }
    },
    {
      "method": "turboquant_mse",
      "bit_width": 3,
      "mse": 0.00012982910266146064,
      "elapsed_seconds": 1.428205699980026,
      "n_queries_evaluated": 2906,
      "ndcg@10": {
        "mean": 0.3029644428962924,
        "ci_lower": 0.28905459336599876,
        "ci_upper": 0.3165408272782762,
        "std": 0.37709630432976426
      },
      "mrr@10": {
        "mean": 0.29339311659511247,
        "ci_lower": 0.2787041861938627,
        "ci_upper": 0.30796378456177154,
        "std": 0.39826039378215555
      },
      "recall@1": {
        "mean": 0.17364993856119326,
        "ci_lower": 0.16095682090201613,
        "ci_upper": 0.18612428885573062,
        "std": 0.3599077885737364
      },
      "recall@5": {
        "mean": 0.3403935490924168,
        "ci_lower": 0.3229876861097398,
        "ci_upper": 0.3555935261943103,
        "std": 0.4506654365536136
      },
      "recall@10": {
        "mean": 0.413248122055079,
        "ci_lower": 0.3957790713373589,
        "ci_upper": 0.4302980998893227,
        "std": 0.467095399922567
      },
      "recall@100": {
        "mean": 0.6827109434776326,
        "ci_lower": 0.6663838655733647,
        "ci_upper": 0.6975891140592615,
        "std": 0.4377018965971429
      }
    },
    {
      "method": "turboquant_ip",
      "bit_width": 3,
      "mse": 0.0003049705410376191,
      "elapsed_seconds": 1.2113672000123188,
      "n_queries_evaluated": 2906,
      "ndcg@10": {
        "mean": 0.29892365625479567,
        "ci_lower": 0.28462742132572677,
        "ci_upper": 0.3125349226887963,
        "std": 0.374520609048125
      },
      "mrr@10": {
        "mean": 0.28867641114716136,
        "ci_lower": 0.2741649904685434,
        "ci_upper": 0.30304456638700444,