{
  "dataset": "webis-touche2020",
  "n_corpus": 382545,
  "n_queries": 49,
  "embedding_dim": 384,
  "float32_baseline": {
    "n_queries_evaluated": 49,
    "ndcg@10": {
      "mean": 0.16621187057169634,
      "ci_lower": 0.11986730361763792,
      "ci_upper": 0.21969081818670358,
      "std": 0.1894985104877776
    },
    "mrr@10": {
      "mean": 0.3195173307418205,
      "ci_lower": 0.2328826530612245,
      "ci_upper": 0.41739593456430185,
      "std": 0.35747860167906426
    },
    "recall@1": {
      "mean": 0.014897136799581987,
      "ci_lower": 0.005925554432299238,
      "ci_upper": 0.025276591839743415,
      "std": 0.03569479546458913
    },
    "recall@5": {
      "mean": 0.06503986098569928,
      "ci_lower": 0.04444853633000403,
      "ci_upper": 0.08837104514543452,
      "std": 0.08570905602055941
    },
    "recall@10": {
      "mean": 0.12499349702148443,
      "ci_lower": 0.08208764713191827,
      "ci_upper": 0.17734560473120023,
      "std": 0.17947834242650476
    },
    "recall@100": {
      "mean": 0.417111352510223,
      "ci_lower": 0.3448100286100948,
      "ci_upper": 0.48659954957742396,
      "std": 0.2707059481734595
    }
  },
  "method_results": [
    {
      "method": "naive_scalar",
      "bit_width": 2,
      "mse": 0.00458251079544425,
      "elapsed_seconds": 2.7101665000081994,
      "n_queries_evaluated": 49,
      "ndcg@10": {
        "mean": 0.14656162888644161,
        "ci_lower": 0.10103495963353872,
        "ci_upper": 0.1938678136052696,
        "std": 0.1699728618158318
      },
      "mrr@10": {
        "mean": 0.3283689666342728,
        "ci_lower": 0.22697116942014903,
        "ci_upper": 0.4287666018788468,
        "std": 0.3550240474511676
      },
      "recall@1": {
        "mean": 0.00885909887378896,
        "ci_lower": 0.003427498819076504,
        "ci_upper": 0.015228204135905374,
        "std": 0.02062049458913191
      },
      "recall@5": {
        "mean": 0.06252799195362949,
        "ci_lower": 0.03868515802589147,
        "ci_upper": 0.09060767158681754,
        "std": 0.0992762895628196
      },
      "recall@10": {
        "mean": 0.11657380783427083,
        "ci_lower": 0.07591732925599139,
        "ci_upper": 0.16347656464364618,
        "std": 0.1659884473168923
      },
      "recall@100": {
        "mean": 0.40187957957013254,
        "ci_lower": 0.32639897786270294,
        "ci_upper": 0.47351213143415277,
        "std": 0.2756585874755034
      }
    },
    {
      "method": "turboquant_mse",
      "bit_width": 2,
      "mse": 0.0003375261148903519,
      "elapsed_seconds": 1.9737769999774173,
      "n_queries_evaluated": 49,
      "ndcg@10": {
        "mean": 0.1687826398992917,
        "ci_lower": 0.122318208984878,
        "ci_upper": 0.2200891308122797,
        "std": 0.18842647304441007
      },
      "mrr@10": {
        "mean": 0.320683511499838,
        "ci_lower": 0.23036544379656623,
        "ci_upper": 0.4169644881762228,
        "std": 0.3488180696024758
      },
      "recall@1": {
        "mean": 0.011668516158779084,
        "ci_lower": 0.004415801408282611,
        "ci_upper": 0.020081342442174643,
        "std": 0.03006327457952741
      },
      "recall@5": {
        "mean": 0.06509251362570265,
        "ci_lower": 0.04240712493493326,
        "ci_upper": 0.09066483212295197,
        "std": 0.09100436920135396
      },
      "recall@10": {
        "mean": 0.13182259951385222,
        "ci_lower": 0.08746299491355496,
        "ci_upper": 0.18535523637650814,
        "std": 0.1874804734673867
      },
      "recall@100": {
        "mean": 0.41187031212740854,
        "ci_lower": 0.3423716043373648,
        "ci_upper": 0.4809185830352323,
        "std": 0.2635378825899123
      }
    },
    {
      "method": "turboquant_ip",
      "bit_width": 2,
      "mse": 0.0008532603387720883,
      "elapsed_seconds": 1.4276709999830928,
      "n_queries_evaluated": 49,
      "ndcg@10": {
        "mean": 0.1552243836756213,
        "ci_lower": 0.10713847652388371,
        "ci_upper": 0.2104578689780718,
        "std": 0.19682132896840637
      },
      "mrr@10": {
        "mean": 0.3041950113378684,
        "ci_lower": 0.20782312925170068,
        "ci_upper": 0.40001417233560094,
        "std": 0.3703163107750388
      },
      "recall@1": {
        "mean": 0.017098017151722843,
        "ci_lower": 0.0069523937394506685,
        "ci_upper": 0.02865844458083985,
        "std": 0.04133823812532302
      },
      "recall@5": {
        "mean": 0.06263312616915843,
        "ci_lower": 0.040397260576681034,
        "ci_upper": 0.08901861117357786,
        "std": 0.09388368293276217
      },
      "recall@10": {
        "mean": 0.10899161756965975,
        "ci_lower": 0.06878410032346893,
        "ci_upper": 0.15906473220247527,
        "std": 0.17551242057359417
      },
      "recall@100": {
        "mean": 0.40688960722866463,
        "ci_lower": 0.33798216352504057,
        "ci_upper": 0.4734752896810596,
        "std": 0.2587443931315425
      }
    },
    {
      "method": "naive_scalar",
      "bit_width": 3,
      "mse": 0.0006310341414064169,
      "elapsed_seconds": 2.728351700003259,
      "n_queries_evaluated": 49,
      "ndcg@10": {
        "mean": 0.16056176688178875,
        "ci_lower": 0.1115048558593243,
        "ci_upper": 0.2123005321980064,
        "std": 0.19027374152117874
      },
      "mrr@10": {
        "mean": 0.30221088435374144,
        "ci_lower": 0.21222789115646257,
        "ci_upper": 0.3947363945578231,
        "std": 0.33798736891447495
      },
      "recall@1": {
        "mean": 0.009143696707188924,
        "ci_lower": 0.0029806186940287732,
        "ci_upper": 0.01672863800636305,
        "std": 0.025807669105227665
      },
      "recall@5": {
        "mean": 0.07344516464388669,
        "ci_lower": 0.04518171500449567,
        "ci_upper": 0.10769407231654259,
        "std": 0.1220922490225538
      },
      "recall@10": {
        "mean": 0.12858933429079109,
        "ci_lower": 0.08542082436748628,
        "ci_upper": 0.17983861121144581,
        "std": 0.183239375330345
      },
      "recall@100": {
        "mean": 0.4163516071022965,
        "ci_lower": 0.3441369523985776,
        "ci_upper": 0.4891622920946951,
        "std": 0.2756355351132835
      }
    },
    {
      "method": "turboquant_mse",
      "bit_width": 3,
      "mse": 0.00013007002416998148,
      "elapsed_seconds": 2.0303889000206254,
      "n_queries_evaluated": 49,
      "ndcg@10": {
        "mean": 0.16291252992149727,
        "ci_lower": 0.11549005423942037,
        "ci_upper": 0.21611911246612595,
        "std": 0.18991654153542473
      },
      "mrr@10": {
        "mean": 0.30008098477486234,
        "ci_lower": 0.2152050939423388,
        "ci_upper": 0.39053429705215414,
        "std": 0.34705975015503887
      },
      "recall@1": {
        "mean": 0.013696656607505157,
        "ci_lower": 0.005386276064310437,
        "ci_upper": 0.02444915434845617,
        "std": 0.03517203687810931
      },
      "recall@5": {
        "mean": 0.06830637817146837,
        "ci_lower": 0.04522324864364112,
        "ci_upper": 0.09265270007814222,
        "std": 0.08874152804611596
      },
      "recall@10": {
        "mean": 0.12367011371052349,
        "ci_lower": 0.08060301490181736,
        "ci_upper": 0.17603645563108408,
        "std": 0.1808041094054338
      },
      "recall@100": {
        "mean": 0.41471371392415673,
        "ci_lower": 0.34283795403347717,
        "ci_upper": 0.4833098273882964,
        "std": 0.26906208523485364
      }
    },
    {
      "method": "turboquant_ip",
      "bit_width": 3,
      "mse": 0.0003053736290894449,
      "elapsed_seconds": 1.519117499992717,
      "n_queries_evaluated": 49,
      "ndcg@10": {
        "mean": 0.17037706729824756,
        "ci_lower": 0.12508383950999227,
        "ci_upper": 0.222781569396869,
        "std": 0.18923055165533134
      },
      "mrr@10": {
        "mean": 0.31737123420796887,