{
  "dataset": "cqadupstack/gis",
  "n_corpus": 37637,
  "n_queries": 885,
  "embedding_dim": 384,
  "float32_baseline": {
    "n_queries_evaluated": 885,
    "ndcg@10": {
      "mean": 0.41309915347131254,
      "ci_lower": 0.38611887572865417,
      "ci_upper": 0.4414551361779316,
      "std": 0.4085015516421349
    },
    "mrr@10": {
      "mean": 0.38307326697157207,
      "ci_lower": 0.35444453412250027,
      "ci_upper": 0.4121013025737602,
      "std": 0.4253296872853636
    },
    "recall@1": {
      "mean": 0.2683723432875975,
      "ci_lower": 0.2400346381490449,
      "ci_upper": 0.29758400591875167,
      "std": 0.4311582181094231
    },
    "recall@5": {
      "mean": 0.46920365886467574,
      "ci_lower": 0.4375849475383374,
      "ci_upper": 0.5025188323917138,
      "std": 0.4845896454034828
    },
    "recall@10": {
      "mean": 0.5566720473500134,
      "ci_lower": 0.5268711998923863,
      "ci_upper": 0.5858043449018026,
      "std": 0.481115905596458
    },
    "recall@100": {
      "mean": 0.8184288404627387,
      "ci_lower": 0.7930490314769975,
      "ci_upper": 0.8412607613666936,
      "std": 0.37121571770570455
    }
  },
  "method_results": [
    {
      "method": "naive_scalar",
      "bit_width": 2,
      "mse": 0.0035532531328499317,
      "elapsed_seconds": 0.44832539997878484,
      "n_queries_evaluated": 885,
      "ndcg@10": {
        "mean": 0.3885394634664101,
        "ci_lower": 0.36073091399058904,
        "ci_upper": 0.4154375259084085,
        "std": 0.4048541483932922
      },
      "mrr@10": {
        "mean": 0.3581979194691059,
        "ci_lower": 0.3297025266792216,
        "ci_upper": 0.3864294233701014,
        "std": 0.41863062999642764
      },
      "recall@1": {
        "mean": 0.25076405703524346,
        "ci_lower": 0.22404997309658325,
        "ci_upper": 0.279388014527845,
        "std": 0.4231020624691822
      },
      "recall@5": {
        "mean": 0.44493677697067524,
        "ci_lower": 0.41362066182405166,
        "ci_upper": 0.47622107882701104,
        "std": 0.48238076617035597
      },
      "recall@10": {
        "mean": 0.5293023047260335,
        "ci_lower": 0.4993690027800197,
        "ci_upper": 0.5618816922249126,
        "std": 0.4812926763332982
      },
      "recall@100": {
        "mean": 0.7941458165186978,
        "ci_lower": 0.769612321764864,
        "ci_upper": 0.8205071294054345,
        "std": 0.3898381889059459
      }
    },
    {
      "method": "turboquant_mse",
      "bit_width": 2,
      "mse": 0.00033930811332538724,
      "elapsed_seconds": 0.3902280000038445,
      "n_queries_evaluated": 885,
      "ndcg@10": {
        "mean": 0.4091504767274013,
        "ci_lower": 0.38211520347214467,
        "ci_upper": 0.43698304065465254,
        "std": 0.408699669419807
      },
      "mrr@10": {
        "mean": 0.3789534570890503,
        "ci_lower": 0.3513535221056408,
        "ci_upper": 0.4086140816967088,
        "std": 0.4262100658468251
      },
      "recall@1": {
        "mean": 0.26921980091471615,
        "ci_lower": 0.24154358353510896,
        "ci_upper": 0.2990843422114608,
        "std": 0.4318585734624073
      },
      "recall@5": {
        "mean": 0.4520850147968792,
        "ci_lower": 0.4195414312617703,
        "ci_upper": 0.4854187516814636,
        "std": 0.48296844975488556
      },
      "recall@10": {
        "mean": 0.554619316653215,
        "ci_lower": 0.5227908259348938,
        "ci_upper": 0.5857627791229487,
        "std": 0.48173624940378523
      },
      "recall@100": {
        "mean": 0.8134068693390726,
        "ci_lower": 0.7886292036588646,
        "ci_upper": 0.8371288897856695,
        "std": 0.37618537804612284
      }
    },
    {
      "method": "turboquant_ip",
      "bit_width": 2,
      "mse": 0.0008555622189305723,
      "elapsed_seconds": 0.3723088000260759,
      "n_queries_evaluated": 885,
      "ndcg@10": {
        "mean": 0.3910032778570252,
        "ci_lower": 0.36357124768581905,
        "ci_upper": 0.41791271647709355,
        "std": 0.4033357542873709
      },
      "mrr@10": {
        "mean": 0.35802977311451895,
        "ci_lower": 0.33039528966012016,
        "ci_upper": 0.38591066944668634,
        "std": 0.4145152293461893
      },
      "recall@1": {
        "mean": 0.24323110034974438,
        "ci_lower": 0.21708985741189132,
        "ci_upper": 0.2713559994619317,
        "std": 0.4191683385230964
      },
      "recall@5": {
        "mean": 0.44580306698950767,
        "ci_lower": 0.4145139225181598,
        "ci_upper": 0.47545332257196654,
        "std": 0.48336684802791796
      },
      "recall@10": {
        "mean": 0.5353914447134785,
        "ci_lower": 0.5042448883508206,
        "ci_upper": 0.5668296341135324,
        "std": 0.4835552924512984
      },
      "recall@100": {
        "mean": 0.789583893821182,
        "ci_lower": 0.7629127432517263,
        "ci_upper": 0.8143648103309119,
        "std": 0.39297045937599573
      }
    },
    {
      "method": "naive_scalar",
      "bit_width": 3,
      "mse": 0.0005187392816878855,
      "elapsed_seconds": 0.48195730001316406,
      "n_queries_evaluated": 885,
      "ndcg@10": {
        "mean": 0.4059719975055488,
        "ci_lower": 0.3796124199290682,
        "ci_upper": 0.4336547713122834,
        "std": 0.40848374188473846
      },
      "mrr@10": {
        "mean": 0.37534391534391537,
        "ci_lower": 0.34855512958479057,
        "ci_upper": 0.40407613666935704,
        "std": 0.4230542428044573
      },
      "recall@1": {
        "mean": 0.26357008340059185,
        "ci_lower": 0.2362292843691149,
        "ci_upper": 0.29112187247780463,
        "std": 0.4296665964837086
      },
      "recall@5": {
        "mean": 0.46125369921980086,
        "ci_lower": 0.43074791498520315,
        "ci_upper": 0.49364635458703254,
        "std": 0.48403759702099003
      },
      "recall@10": {
        "mean": 0.5464272262577347,
        "ci_lower": 0.5156720473500135,
        "ci_upper": 0.5776976728544524,
        "std": 0.48229438279177506
      },
      "recall@100": {
        "mean": 0.8061106627208322,
        "ci_lower": 0.7802549995516096,
        "ci_upper": 0.8306550309389292,
        "std": 0.37941209428638867
      }
    },
    {
      "method": "turboquant_mse",
      "bit_width": 3,
      "mse": 0.0001311950181843713,
      "elapsed_seconds": 0.4324571000179276,
      "n_queries_evaluated": 885,
      "ndcg@10": {
        "mean": 0.41045884112721454,
        "ci_lower": 0.383350806993736,
        "ci_upper": 0.43905875940141303,
        "std": 0.4073473277135679
      },
      "mrr@10": {
        "mean": 0.3805362747735629,
        "ci_lower": 0.3529219576719577,
        "ci_upper": 0.4095778629719308,
        "std": 0.4242670566569455
      },
      "recall@1": {
        "mean": 0.2661124562819478,
        "ci_lower": 0.23929714823782625,
        "ci_upper": 0.29539736346516005,
        "std": 0.4299351197940966
      },
      "recall@5": {
        "mean": 0.4644202313693838,
        "ci_lower": 0.43247605595910676,
        "ci_upper": 0.4975641646489104,
        "std": 0.4841564313319986
      },
      "recall@10": {
        "mean": 0.5553726123217648,
        "ci_lower": 0.5250182943233791,
        "ci_upper": 0.5855197067527577,
        "std": 0.48125854788300576
      },
      "recall@100": {
        "mean": 0.8093686664873105,
        "ci_lower": 0.7843731728096135,
        "ci_upper": 0.8331096090036768,
        "std": 0.3784004787713732
      }
    },
    {
      "method": "turboquant_ip",
      "bit_width": 3,
      "mse": 0.0003070001839660108,
      "elapsed_seconds": 0.42786049999995157,
      "n_queries_evaluated": 885,
      "ndcg@10": {
        "mean": 0.4110411941402836,
        "ci_lower": 0.3840602015503483,
        "ci_upper": 0.43867611504543813,
        "std": 0.4089680893225641
      },
      "mrr@10": {
        "mean": 0.38090664514393324,
        "ci_lower": 0.35306306609272714,