{
  "dataset": "cqadupstack/stats",
  "n_corpus": 42269,
  "n_queries": 652,
  "embedding_dim": 384,
  "float32_baseline": {
    "n_queries_evaluated": 652,
    "ndcg@10": {
      "mean": 0.35379140495042716,
      "ci_lower": 0.32324879836204234,
      "ci_upper": 0.3842945306469457,
      "std": 0.4076144005103478
    },
    "mrr@10": {
      "mean": 0.3378596990943617,
      "ci_lower": 0.3043279834940111,
      "ci_upper": 0.36956731120362246,
      "std": 0.4210652242041814
    },
    "recall@1": {
      "mean": 0.23147463902832,
      "ci_lower": 0.1997401158827539,
      "ci_upper": 0.26378501270372434,
      "std": 0.40973285644673557
    },
    "recall@5": {
      "mean": 0.38472299683956124,
      "ci_lower": 0.3501999384179215,
      "ci_upper": 0.42165220068786013,
      "std": 0.47129363015224207
    },
    "recall@10": {
      "mean": 0.46308201427066453,
      "ci_lower": 0.4270601944068202,
      "ci_upper": 0.5002589960737968,
      "std": 0.48183353962934394
    },
    "recall@100": {
      "mean": 0.7052883223376728,
      "ci_lower": 0.6720208399403635,
      "ci_upper": 0.7374328987730062,
      "std": 0.4387828288052599
    }
  },
  "method_results": [
    {
      "method": "naive_scalar",
      "bit_width": 2,
      "mse": 0.003477610182017088,
      "elapsed_seconds": 0.4574285999988206,
      "n_queries_evaluated": 652,
      "ndcg@10": {
        "mean": 0.320760735766255,
        "ci_lower": 0.29013503658824374,
        "ci_upper": 0.3520768635436383,
        "std": 0.39442129472621223
      },
      "mrr@10": {
        "mean": 0.3012361232836693,
        "ci_lower": 0.2696700932417957,
        "ci_upper": 0.3323610350326224,
        "std": 0.4061579170528241
      },
      "recall@1": {
        "mean": 0.20074866765817687,
        "ci_lower": 0.16923935482121832,
        "ci_upper": 0.23124532324781558,
        "std": 0.3880874019758861
      },
      "recall@5": {
        "mean": 0.3561156038916775,
        "ci_lower": 0.32042780179091535,
        "ci_upper": 0.39117993586168437,
        "std": 0.4632020729644223
      },
      "recall@10": {
        "mean": 0.43367676546357525,
        "ci_lower": 0.3984213257133119,
        "ci_upper": 0.4711538312573589,
        "std": 0.4796343721636392
      },
      "recall@100": {
        "mean": 0.6856192941947182,
        "ci_lower": 0.6518856948454229,
        "ci_upper": 0.7200162630584861,
        "std": 0.4470100194883181
      }
    },
    {
      "method": "turboquant_mse",
      "bit_width": 2,
      "mse": 0.0003376702079549432,
      "elapsed_seconds": 0.3794303999748081,
      "n_queries_evaluated": 652,
      "ndcg@10": {
        "mean": 0.35026169380283456,
        "ci_lower": 0.3194481549905518,
        "ci_upper": 0.38074050041461055,
        "std": 0.40634388159563395
      },
      "mrr@10": {
        "mean": 0.33366077514850523,
        "ci_lower": 0.30036373125426036,
        "ci_upper": 0.36435964736098936,
        "std": 0.41908525037755395
      },
      "recall@1": {
        "mean": 0.22789590692198053,
        "ci_lower": 0.1950934285338043,
        "ci_upper": 0.25826950486459693,
        "std": 0.40778012317104584
      },
      "recall@5": {
        "mean": 0.38042851831195384,
        "ci_lower": 0.3454567240658115,
        "ci_upper": 0.41655387269938654,
        "std": 0.4678956349565177
      },
      "recall@10": {
        "mean": 0.4594119879779389,
        "ci_lower": 0.4231724356292991,
        "ci_upper": 0.49561660508458827,
        "std": 0.48283041091205514
      },
      "recall@100": {
        "mean": 0.7033466561006259,
        "ci_lower": 0.6690260477448089,
        "ci_upper": 0.7360098228964387,
        "std": 0.4391314326846392
      }
    },
    {
      "method": "turboquant_ip",
      "bit_width": 2,
      "mse": 0.0008533928194083273,
      "elapsed_seconds": 0.349375499994494,
      "n_queries_evaluated": 652,
      "ndcg@10": {
        "mean": 0.3336350959478835,
        "ci_lower": 0.3021837107599595,
        "ci_upper": 0.36433798482487156,
        "std": 0.4024185658175768
      },
      "mrr@10": {
        "mean": 0.31689672801635993,
        "ci_lower": 0.28267358067971565,
        "ci_upper": 0.3495832116077515,
        "std": 0.41283853058542386
      },
      "recall@1": {
        "mean": 0.21464607733779512,
        "ci_lower": 0.18147759225692509,
        "ci_upper": 0.24608518079568692,
        "std": 0.39925558011635265
      },
      "recall@5": {
        "mean": 0.37124852822705584,
        "ci_lower": 0.3360316644202764,
        "ci_upper": 0.4070961145194273,
        "std": 0.46602410531909755
      },
      "recall@10": {
        "mean": 0.4388829685992262,
        "ci_lower": 0.4037160468621358,
        "ci_upper": 0.47463071363282244,
        "std": 0.48070482200581066
      },
      "recall@100": {
        "mean": 0.6843033527781813,
        "ci_lower": 0.6495452224857223,
        "ci_upper": 0.7173664606900577,
        "std": 0.4469538924613956
      }
    },
    {
      "method": "naive_scalar",
      "bit_width": 3,
      "mse": 0.000510612444486469,
      "elapsed_seconds": 0.4462253999954555,
      "n_queries_evaluated": 652,
      "ndcg@10": {
        "mean": 0.34327600886960696,
        "ci_lower": 0.31348579152927775,
        "ci_upper": 0.3744469245976399,
        "std": 0.4055506941768389
      },
      "mrr@10": {
        "mean": 0.32705351056578047,
        "ci_lower": 0.2948111731911578,
        "ci_upper": 0.3598622066413477,
        "std": 0.4192473735660377
      },
      "recall@1": {
        "mean": 0.22393373923281895,
        "ci_lower": 0.1924838879593481,
        "ci_upper": 0.25539701075168864,
        "std": 0.40374572776146395
      },
      "recall@5": {
        "mean": 0.377322690091095,
        "ci_lower": 0.34109944343744186,
        "ci_upper": 0.4132793425048026,
        "std": 0.46879484847605246
      },
      "recall@10": {
        "mean": 0.4503160438743261,
        "ci_lower": 0.4157462082481254,
        "ci_upper": 0.48652003160438745,
        "std": 0.4807354895519736
      },
      "recall@100": {
        "mean": 0.6948914539788773,
        "ci_lower": 0.6606002053289246,
        "ci_upper": 0.7295141032919025,
        "std": 0.44340540915921045
      }
    },
    {
      "method": "turboquant_mse",
      "bit_width": 3,
      "mse": 0.00013006542576476932,
      "elapsed_seconds": 0.4302330000209622,
      "n_queries_evaluated": 652,
      "ndcg@10": {
        "mean": 0.3509880799204218,
        "ci_lower": 0.3195768827770922,
        "ci_upper": 0.3821388594807345,
        "std": 0.4078292896779728
      },
      "mrr@10": {
        "mean": 0.3355901256208005,
        "ci_lower": 0.3028007382656539,
        "ci_upper": 0.3676866661797643,
        "std": 0.4209834990909104
      },
      "recall@1": {
        "mean": 0.22994089669703166,
        "ci_lower": 0.19710016189502386,
        "ci_upper": 0.2626123679277437,
        "std": 0.4087220265247268
      },
      "recall@5": {
        "mean": 0.3732199293548986,
        "ci_lower": 0.337805847973601,
        "ci_upper": 0.40875017428890126,
        "std": 0.4670941405368492
      },
      "recall@10": {
        "mean": 0.45824037925264915,
        "ci_lower": 0.423069653591126,
        "ci_upper": 0.495594886750945,
        "std": 0.48159125575982714
      },
      "recall@100": {
        "mean": 0.6951496554189626,
        "ci_lower": 0.66210463335734,
        "ci_upper": 0.7297415211785587,
        "std": 0.44347342427589415
      }
    },
    {
      "method": "turboquant_ip",
      "bit_width": 3,
      "mse": 0.0003054339613299817,
      "elapsed_seconds": 0.42153130000224337,
      "n_queries_evaluated": 652,
      "ndcg@10": {
        "mean": 0.3524389523022442,
        "ci_lower": 0.3209547491720844,
        "ci_upper": 0.3833612497292841,
        "std": 0.40739429241751485
      },
      "mrr@10": {
        "mean": 0.33676903788100104,
        "ci_lower": 0.30358836364300323,