{
  "dataset": "cqadupstack/english",
  "n_corpus": 40221,
  "n_queries": 1570,
  "embedding_dim": 384,
  "float32_baseline": {
    "n_queries_evaluated": 1570,
    "ndcg@10": {
      "mean": 0.47775797143920123,
      "ci_lower": 0.4585827528744842,
      "ci_upper": 0.4984272969602624,
      "std": 0.4129584423531615
    },
    "mrr@10": {
      "mean": 0.48381179860479223,
      "ci_lower": 0.46219679506622185,
      "ci_upper": 0.5056066499848347,
      "std": 0.44249938997732313
    },
    "recall@1": {
      "mean": 0.31180620294112915,
      "ci_lower": 0.29113437606136733,
      "ci_upper": 0.33456689688266267,
      "std": 0.43411135143045515
    },
    "recall@5": {
      "mean": 0.5145966489802354,
      "ci_lower": 0.49380476461527734,
      "ci_upper": 0.5379253440195234,
      "std": 0.46598572077980643
    },
    "recall@10": {
      "mean": 0.5771375015155826,
      "ci_lower": 0.5567778515728378,
      "ci_upper": 0.5999677107964009,
      "std": 0.45978567490619954
    },
    "recall@100": {
      "mean": 0.7834203125152481,
      "ci_lower": 0.7654393415684501,
      "ci_upper": 0.803400379279795,
      "std": 0.3834937582719357
    }
  },
  "method_results": [
    {
      "method": "naive_scalar",
      "bit_width": 2,
      "mse": 0.003926570527255535,
      "elapsed_seconds": 0.6810091999941505,
      "n_queries_evaluated": 1570,
      "ndcg@10": {
        "mean": 0.4551124065852209,
        "ci_lower": 0.43585366433350975,
        "ci_upper": 0.47691781010928797,
        "std": 0.4131928726219228
      },
      "mrr@10": {
        "mean": 0.4592538671519564,
        "ci_lower": 0.43870698109392375,
        "ci_upper": 0.4811514255383682,
        "std": 0.441370739115357
      },
      "recall@1": {
        "mean": 0.29435370238158837,
        "ci_lower": 0.2740879756407696,
        "ci_upper": 0.3167069493237516,
        "std": 0.42921360016710636
      },
      "recall@5": {
        "mean": 0.48387050347074767,
        "ci_lower": 0.4617662701969703,
        "ci_upper": 0.5081779396401359,
        "std": 0.4681237877747204
      },
      "recall@10": {
        "mean": 0.5549610934430309,
        "ci_lower": 0.5329842509283861,
        "ci_upper": 0.5793919741917444,
        "std": 0.4632480916883058
      },
      "recall@100": {
        "mean": 0.7638177144529746,
        "ci_lower": 0.7448270871429824,
        "ci_upper": 0.7856368447933384,
        "std": 0.3945135512969813
      }
    },
    {
      "method": "turboquant_mse",
      "bit_width": 2,
      "mse": 0.0003381806018296629,
      "elapsed_seconds": 0.5903241000196431,
      "n_queries_evaluated": 1570,
      "ndcg@10": {
        "mean": 0.471387710283289,
        "ci_lower": 0.45163639248402376,
        "ci_upper": 0.4916540079120975,
        "std": 0.4131097980647108
      },
      "mrr@10": {
        "mean": 0.47680416540289156,
        "ci_lower": 0.45584276741482166,
        "ci_upper": 0.49879411207158025,
        "std": 0.44126612041967384
      },
      "recall@1": {
        "mean": 0.3042724336935397,
        "ci_lower": 0.2830184371073868,
        "ci_upper": 0.32671354777318484,
        "std": 0.4317466141979381
      },
      "recall@5": {
        "mean": 0.5032957715442437,
        "ci_lower": 0.4814633942227571,
        "ci_upper": 0.5250931637919464,
        "std": 0.46668654754868166
      },
      "recall@10": {
        "mean": 0.5710665546313569,
        "ci_lower": 0.5500453555738415,
        "ci_upper": 0.5941768174137664,
        "std": 0.46180869065036617
      },
      "recall@100": {
        "mean": 0.7806743066273817,
        "ci_lower": 0.7629045091467683,
        "ci_upper": 0.8014416247086161,
        "std": 0.38439648058837295
      }
    },
    {
      "method": "turboquant_ip",
      "bit_width": 2,
      "mse": 0.0008542970754206181,
      "elapsed_seconds": 0.6280423999996856,
      "n_queries_evaluated": 1570,
      "ndcg@10": {
        "mean": 0.4604822622324291,
        "ci_lower": 0.4404908245791746,
        "ci_upper": 0.4811161458953637,
        "std": 0.41069133234130784
      },
      "mrr@10": {
        "mean": 0.4630391264786169,
        "ci_lower": 0.4421743567384491,
        "ci_upper": 0.48493470705692043,
        "std": 0.43982821356786844
      },
      "recall@1": {
        "mean": 0.29357147748135315,
        "ci_lower": 0.2735920016602108,
        "ci_upper": 0.31422095631005603,
        "std": 0.4270839224558741
      },
      "recall@5": {
        "mean": 0.4975143108736741,
        "ci_lower": 0.4760661231710383,
        "ci_upper": 0.5208176332168656,
        "std": 0.4681464801821139
      },
      "recall@10": {
        "mean": 0.565248414838521,
        "ci_lower": 0.5440419452604287,
        "ci_upper": 0.5885749225007927,
        "std": 0.46212102529547
      },
      "recall@100": {
        "mean": 0.7676261038334942,
        "ci_lower": 0.7482534110495246,
        "ci_upper": 0.7877911053845402,
        "std": 0.3923231467017498
      }
    },
    {
      "method": "naive_scalar",
      "bit_width": 3,
      "mse": 0.0005599354626610875,
      "elapsed_seconds": 0.6617482999863569,
      "n_queries_evaluated": 1570,
      "ndcg@10": {
        "mean": 0.47004212070539864,
        "ci_lower": 0.45091413479868026,
        "ci_upper": 0.4909749397725138,
        "std": 0.41182108261148154
      },
      "mrr@10": {
        "mean": 0.47329693660903854,
        "ci_lower": 0.45174372535638463,
        "ci_upper": 0.4954570190071782,
        "std": 0.4401522939107916
      },
      "recall@1": {
        "mean": 0.30398401042064627,
        "ci_lower": 0.28342517970720105,
        "ci_upper": 0.32701468775351344,
        "std": 0.43229983258346355
      },
      "recall@5": {
        "mean": 0.5042719214056889,
        "ci_lower": 0.48239729510832463,
        "ci_upper": 0.5268800516629588,
        "std": 0.46754012252737764
      },
      "recall@10": {
        "mean": 0.573749018233079,
        "ci_lower": 0.5534746806338864,
        "ci_upper": 0.5976903996471026,
        "std": 0.4602514128440452
      },
      "recall@100": {
        "mean": 0.7804887367231026,
        "ci_lower": 0.7623757476883946,
        "ci_upper": 0.8009055805098639,
        "std": 0.3844284556401482
      }
    },
    {
      "method": "turboquant_mse",
      "bit_width": 3,
      "mse": 0.000130393062136136,
      "elapsed_seconds": 0.6645567000086885,
      "n_queries_evaluated": 1570,
      "ndcg@10": {
        "mean": 0.47384425811028813,
        "ci_lower": 0.4540905567174744,
        "ci_upper": 0.4945165601213155,
        "std": 0.41269739217174334
      },
      "mrr@10": {
        "mean": 0.4786143969264988,
        "ci_lower": 0.4569263408654332,
        "ci_upper": 0.500196245324032,
        "std": 0.4414050601244018
      },
      "recall@1": {
        "mean": 0.30698667003242425,
        "ci_lower": 0.2862640245844583,
        "ci_upper": 0.3302842161257107,
        "std": 0.4332164607913959
      },
      "recall@5": {
        "mean": 0.5101749396049945,
        "ci_lower": 0.48871041757635986,
        "ci_upper": 0.5332098586044836,
        "std": 0.46716160467430445
      },
      "recall@10": {
        "mean": 0.5751414867858563,
        "ci_lower": 0.5543077874886904,
        "ci_upper": 0.5979401690082798,
        "std": 0.46043166705274563
      },
      "recall@100": {
        "mean": 0.7833677793496474,
        "ci_lower": 0.765308493916535,
        "ci_upper": 0.8028785362086914,
        "std": 0.38338531117954466
      }
    },
    {
      "method": "turboquant_ip",
      "bit_width": 3,
      "mse": 0.0003059034643229097,
      "elapsed_seconds": 0.6557068999973126,
      "n_queries_evaluated": 1570,
      "ndcg@10": {
        "mean": 0.4706266062098437,
        "ci_lower": 0.45127824565286656,
        "ci_upper": 0.49081084770470623,
        "std": 0.41279348727678916
      },
      "mrr@10": {
        "mean": 0.47485997371347693,
        "ci_lower": 0.45383724471741993,