{
  "dataset": "cqadupstack/gaming",
  "n_corpus": 45301,
  "n_queries": 1595,
  "embedding_dim": 384,
  "float32_baseline": {
    "n_queries_evaluated": 1595,
    "ndcg@10": {
      "mean": 0.5692323981531859,
      "ci_lower": 0.5496681625605723,
      "ci_upper": 0.5885042739016637,
      "std": 0.40509501158043243
    },
    "mrr@10": {
      "mean": 0.5424349405383888,
      "ci_lower": 0.5213522913867742,
      "ci_upper": 0.5643842364532019,
      "std": 0.4315977868224434
    },
    "recall@1": {
      "mean": 0.38731913854170913,
      "ci_lower": 0.3643315267543324,
      "ci_upper": 0.4108255701325842,
      "std": 0.4656765442563083
    },
    "recall@5": {
      "mean": 0.6279225618191959,
      "ci_lower": 0.607055157307632,
      "ci_upper": 0.6493768513528764,
      "std": 0.4609891545527036
    },
    "recall@10": {
      "mean": 0.7115364501307415,
      "ci_lower": 0.6919149676253187,
      "ci_upper": 0.7316750651386231,
      "std": 0.43086658715365345
    },
    "recall@100": {
      "mean": 0.8867552734072286,
      "ci_lower": 0.872739392876963,
      "ci_upper": 0.9013593919520232,
      "std": 0.2954192432772232
    }
  },
  "method_results": [
    {
      "method": "naive_scalar",
      "bit_width": 2,
      "mse": 0.003778963815420866,
      "elapsed_seconds": 0.7034695000038482,
      "n_queries_evaluated": 1595,
      "ndcg@10": {
        "mean": 0.5423605963963546,
        "ci_lower": 0.5226377450964697,
        "ci_upper": 0.562491480590523,
        "std": 0.408108183203961
      },
      "mrr@10": {
        "mean": 0.5164768373389063,
        "ci_lower": 0.494225630691148,
        "ci_upper": 0.5392958774941533,
        "std": 0.4346155564610149
      },
      "recall@1": {
        "mean": 0.3635155857726391,
        "ci_lower": 0.33993641859707685,
        "ci_upper": 0.38643273249738763,
        "std": 0.4585853986360793
      },
      "recall@5": {
        "mean": 0.6009278611175988,
        "ci_lower": 0.5788056288841225,
        "ci_upper": 0.6228658583620637,
        "std": 0.4686353040696966
      },
      "recall@10": {
        "mean": 0.6854478333908296,
        "ci_lower": 0.6646451153442884,
        "ci_upper": 0.7059233562318449,
        "std": 0.4422448287713562
      },
      "recall@100": {
        "mean": 0.8712914410563313,
        "ci_lower": 0.8569610762800417,
        "ci_upper": 0.887997150185238,
        "std": 0.31339093680838226
      }
    },
    {
      "method": "turboquant_mse",
      "bit_width": 2,
      "mse": 0.00033856285153888166,
      "elapsed_seconds": 0.6701277999964077,
      "n_queries_evaluated": 1595,
      "ndcg@10": {
        "mean": 0.5625980174893737,
        "ci_lower": 0.5432015365661074,
        "ci_upper": 0.582162287059337,
        "std": 0.4073169699042338
      },
      "mrr@10": {
        "mean": 0.5375914315569488,
        "ci_lower": 0.5165323431357913,
        "ci_upper": 0.5588750808578394,
        "std": 0.4320461956667636
      },
      "recall@1": {
        "mean": 0.3823557111644886,
        "ci_lower": 0.35973042024589824,
        "ci_upper": 0.40498560589097427,
        "std": 0.4647608177694247
      },
      "recall@5": {
        "mean": 0.626867180418987,
        "ci_lower": 0.6067454699819512,
        "ci_upper": 0.6483611056799166,
        "std": 0.46100900522789484
      },
      "recall@10": {
        "mean": 0.6994682095663782,
        "ci_lower": 0.6792427406057893,
        "ci_upper": 0.7195207538742124,
        "std": 0.43565784862194024
      },
      "recall@100": {
        "mean": 0.8820559288646237,
        "ci_lower": 0.8681872525160865,
        "ci_upper": 0.8974904899931504,
        "std": 0.30077000424768324
      }
    },
    {
      "method": "turboquant_ip",
      "bit_width": 2,
      "mse": 0.0008545800228603184,
      "elapsed_seconds": 0.6413716000097338,
      "n_queries_evaluated": 1595,
      "ndcg@10": {
        "mean": 0.5477621121099946,
        "ci_lower": 0.5290760500180915,
        "ci_upper": 0.567160921108195,
        "std": 0.4096980434598409
      },
      "mrr@10": {
        "mean": 0.5237495646116336,
        "ci_lower": 0.5033799074488731,
        "ci_upper": 0.5450939194904713,
        "std": 0.43557286544701507
      },
      "recall@1": {
        "mean": 0.37170785327525135,
        "ci_lower": 0.3494361819606725,
        "ci_upper": 0.394911559052233,
        "std": 0.4614838617456019
      },
      "recall@5": {
        "mean": 0.6011273606501292,
        "ci_lower": 0.5798811414311641,
        "ci_upper": 0.6231420346516762,
        "std": 0.46703282522669437
      },
      "recall@10": {
        "mean": 0.685357385698501,
        "ci_lower": 0.664716532755728,
        "ci_upper": 0.7073538512853808,
        "std": 0.44268558653847623
      },
      "recall@100": {
        "mean": 0.865793935894167,
        "ci_lower": 0.8502890080894743,
        "ci_upper": 0.8828527014494059,
        "std": 0.320316336740856
      }
    },
    {
      "method": "naive_scalar",
      "bit_width": 3,
      "mse": 0.0005433191545307636,
      "elapsed_seconds": 0.7093132000009064,
      "n_queries_evaluated": 1595,
      "ndcg@10": {
        "mean": 0.5575658840715804,
        "ci_lower": 0.5383498081984711,
        "ci_upper": 0.5770578163317939,
        "std": 0.40838926721378443
      },
      "mrr@10": {
        "mean": 0.5332096830372692,
        "ci_lower": 0.5123201224063292,
        "ci_upper": 0.5538978454495695,
        "std": 0.433563495280096
      },
      "recall@1": {
        "mean": 0.3782954036559052,
        "ci_lower": 0.35622717179633323,
        "ci_upper": 0.4012217096513726,
        "std": 0.4625076043992511
      },
      "recall@5": {
        "mean": 0.6249967519968346,
        "ci_lower": 0.603301871762264,
        "ci_upper": 0.6462185772210521,
        "std": 0.46272687368123183
      },
      "recall@10": {
        "mean": 0.6939865783724057,
        "ci_lower": 0.6743667932120126,
        "ci_upper": 0.7141769014031946,
        "std": 0.4381564259009731
      },
      "recall@100": {
        "mean": 0.8824824261423008,
        "ci_lower": 0.8687652999430037,
        "ci_upper": 0.8982312684050537,
        "std": 0.30122593041810275
      }
    },
    {
      "method": "turboquant_mse",
      "bit_width": 3,
      "mse": 0.0001306944468524307,
      "elapsed_seconds": 0.691109300008975,
      "n_queries_evaluated": 1595,
      "ndcg@10": {
        "mean": 0.5672435029592361,
        "ci_lower": 0.5485245367905281,
        "ci_upper": 0.5863499784799486,
        "std": 0.404967754298337
      },
      "mrr@10": {
        "mean": 0.5409518833656765,
        "ci_lower": 0.5202203002935761,
        "ci_upper": 0.5622033947852912,
        "std": 0.43154660327521854
      },
      "recall@1": {
        "mean": 0.3851770277789086,
        "ci_lower": 0.3631628338354435,
        "ci_upper": 0.4078997289283339,
        "std": 0.46496062038449126
      },
      "recall@5": {
        "mean": 0.6332711213056865,
        "ci_lower": 0.612087667649817,
        "ci_upper": 0.6549391965415106,
        "std": 0.4589549404008791
      },
      "recall@10": {
        "mean": 0.708734166207768,
        "ci_lower": 0.6889609512435263,
        "ci_upper": 0.7288587999815727,
        "std": 0.43246821134054386
      },
      "recall@100": {
        "mean": 0.8873299860509066,
        "ci_lower": 0.8732554337093088,
        "ci_upper": 0.9021312127211732,
        "std": 0.2958013972342145
      }
    },
    {
      "method": "turboquant_ip",
      "bit_width": 3,
      "mse": 0.00030627442174591124,
      "elapsed_seconds": 0.6653647999919485,
      "n_queries_evaluated": 1595,
      "ndcg@10": {
        "mean": 0.5638373930154899,
        "ci_lower": 0.5447821807927421,
        "ci_upper": 0.5826388108781586,
        "std": 0.407518414181248
      },
      "mrr@10": {
        "mean": 0.5390953873712495,
        "ci_lower": 0.5185621610190575,
        "ci_upper": 0.5605443847340399,