{
  "dataset": "cqadupstack/mathematica",
  "n_corpus": 16705,
  "n_queries": 804,
  "embedding_dim": 384,
  "float32_baseline": {
    "n_queries_evaluated": 804,
    "ndcg@10": {
      "mean": 0.2928605795349404,
      "ci_lower": 0.26690282571809915,
      "ci_upper": 0.3186192236793115,
      "std": 0.3605500196122761
    },
    "mrr@10": {
      "mean": 0.27512289741767354,
      "ci_lower": 0.24762691996367367,
      "ci_upper": 0.3023752887348969,
      "std": 0.3770694166897629
    },
    "recall@1": {
      "mean": 0.15142146410803126,
      "ci_lower": 0.12684438669746506,
      "ci_upper": 0.17741560056858566,
      "std": 0.34122194901209774
    },
    "recall@5": {
      "mean": 0.3366278725420516,
      "ci_lower": 0.30279251066098084,
      "ci_upper": 0.3671892398128405,
      "std": 0.44644576160585964
    },
    "recall@10": {
      "mean": 0.42476012793176976,
      "ci_lower": 0.3919277866619284,
      "ci_upper": 0.45603389303482583,
      "std": 0.4670125883134131
    },
    "recall@100": {
      "mean": 0.7022684267087254,
      "ci_lower": 0.6720571138714795,
      "ci_upper": 0.73106651200168,
      "std": 0.4263354617832886
    }
  },
  "method_results": [
    {
      "method": "naive_scalar",
      "bit_width": 2,
      "mse": 0.0031074441503733397,
      "elapsed_seconds": 0.27546700002858415,
      "n_queries_evaluated": 804,
      "ndcg@10": {
        "mean": 0.25752290825660834,
        "ci_lower": 0.23195879307762782,
        "ci_upper": 0.2820621647309497,
        "std": 0.34641824039252656
      },
      "mrr@10": {
        "mean": 0.2460124970386164,
        "ci_lower": 0.2207204922806602,
        "ci_upper": 0.2723869491826581,
        "std": 0.36721034327483065
      },
      "recall@1": {
        "mean": 0.12966714048803601,
        "ci_lower": 0.10855536306562427,
        "ci_upper": 0.15293521233120114,
        "std": 0.31585520636370956
      },
      "recall@5": {
        "mean": 0.2898572613124852,
        "ci_lower": 0.2585719097962568,
        "ci_upper": 0.32078276770907366,
        "std": 0.42877646503746186
      },
      "recall@10": {
        "mean": 0.375349443259891,
        "ci_lower": 0.34272724917081265,
        "ci_upper": 0.4064609615612414,
        "std": 0.4573919724941832
      },
      "recall@100": {
        "mean": 0.6663424400364699,
        "ci_lower": 0.6346068673587331,
        "ci_upper": 0.6950105689984423,
        "std": 0.43957980331031044
      }
    },
    {
      "method": "turboquant_mse",
      "bit_width": 2,
      "mse": 0.0003382950962986797,
      "elapsed_seconds": 0.2589010999945458,
      "n_queries_evaluated": 804,
      "ndcg@10": {
        "mean": 0.2888920633939213,
        "ci_lower": 0.26257277814113117,
        "ci_upper": 0.31442437884350805,
        "std": 0.36100644313106406
      },
      "mrr@10": {
        "mean": 0.27529515122798703,
        "ci_lower": 0.24671513464423914,
        "ci_upper": 0.3027708925610045,
        "std": 0.38084915705598055
      },
      "recall@1": {
        "mean": 0.15260305614783226,
        "ci_lower": 0.12857183576166784,
        "ci_upper": 0.17703609926557687,
        "std": 0.34202151358512217
      },
      "recall@5": {
        "mean": 0.32349413646055436,
        "ci_lower": 0.29279617537313435,
        "ci_upper": 0.354061648602227,
        "std": 0.44165424989754076
      },
      "recall@10": {
        "mean": 0.41543176972281454,
        "ci_lower": 0.38072875947642737,
        "ci_upper": 0.4461714863184079,
        "std": 0.46494257343590106
      },
      "recall@100": {
        "mean": 0.6906879363036079,
        "ci_lower": 0.6595070711488622,
        "ci_upper": 0.7198190519575779,
        "std": 0.4333870484224288
      }
    },
    {
      "method": "turboquant_ip",
      "bit_width": 2,
      "mse": 0.0008544258307665586,
      "elapsed_seconds": 0.2460875999822747,
      "n_queries_evaluated": 804,
      "ndcg@10": {
        "mean": 0.2789388259796406,
        "ci_lower": 0.25246898348220453,
        "ci_upper": 0.3056945400906414,
        "std": 0.3544140428689384
      },
      "mrr@10": {
        "mean": 0.26315397220247966,
        "ci_lower": 0.23751352365158335,
        "ci_upper": 0.29084393261865277,
        "std": 0.37057558360599047
      },
      "recall@1": {
        "mean": 0.1412120942904525,
        "ci_lower": 0.11690535418147359,
        "ci_upper": 0.16554922559819948,
        "std": 0.33002137695638956
      },
      "recall@5": {
        "mean": 0.3267901563610519,
        "ci_lower": 0.29509498637763565,
        "ci_upper": 0.35745835554370997,
        "std": 0.44380538292794447
      },
      "recall@10": {
        "mean": 0.4060826818289505,
        "ci_lower": 0.3730638474295191,
        "ci_upper": 0.43895896262733947,
        "std": 0.4623520120422398
      },
      "recall@100": {
        "mean": 0.6623627961314528,
        "ci_lower": 0.630038779887194,
        "ci_upper": 0.6914143311601334,
        "std": 0.4429813252118419
      }
    },
    {
      "method": "naive_scalar",
      "bit_width": 3,
      "mse": 0.00047891915892250836,
      "elapsed_seconds": 0.2680257000029087,
      "n_queries_evaluated": 804,
      "ndcg@10": {
        "mean": 0.28611476075909953,
        "ci_lower": 0.2605762051212106,
        "ci_upper": 0.3116582578202613,
        "std": 0.35274223876920263
      },
      "mrr@10": {
        "mean": 0.2702272368317144,
        "ci_lower": 0.24411842079286108,
        "ci_upper": 0.29851916015162283,
        "std": 0.37363161532403677
      },
      "recall@1": {
        "mean": 0.1417836413172234,
        "ci_lower": 0.11802379471689173,
        "ci_upper": 0.1675403118336887,
        "std": 0.329663915029794
      },
      "recall@5": {
        "mean": 0.3183013503909027,
        "ci_lower": 0.2871372305140962,
        "ci_upper": 0.34820492033878225,
        "std": 0.4375696661890141
      },
      "recall@10": {
        "mean": 0.42324538024164887,
        "ci_lower": 0.38909118840322193,
        "ci_upper": 0.45550991323146167,
        "std": 0.4660836100116426
      },
      "recall@100": {
        "mean": 0.6962864319207602,
        "ci_lower": 0.6644552648843693,
        "ci_upper": 0.7268459427181443,
        "std": 0.4297315063387674
      }
    },
    {
      "method": "turboquant_mse",
      "bit_width": 3,
      "mse": 0.0001304943289142102,
      "elapsed_seconds": 0.24850849999347702,
      "n_queries_evaluated": 804,
      "ndcg@10": {
        "mean": 0.29243328791484174,
        "ci_lower": 0.2664173140445356,
        "ci_upper": 0.3184758548589843,
        "std": 0.36097576931782915
      },
      "mrr@10": {
        "mean": 0.27484798231066887,
        "ci_lower": 0.24757259091447528,
        "ci_upper": 0.3018961862315407,
        "std": 0.37624561528752215
      },
      "recall@1": {
        "mean": 0.1501776830135039,
        "ci_lower": 0.12551598406775644,
        "ci_upper": 0.175980921286425,
        "std": 0.3408597130067276
      },
      "recall@5": {
        "mean": 0.32885424070125563,
        "ci_lower": 0.2978418176972282,
        "ci_upper": 0.3586105558516939,
        "std": 0.4443091929190049
      },
      "recall@10": {
        "mean": 0.42486377635631367,
        "ci_lower": 0.39085813492063487,
        "ci_upper": 0.4554589774342573,
        "std": 0.4676815755588617
      },
      "recall@100": {
        "mean": 0.6960011519713012,
        "ci_lower": 0.6657457866553016,
        "ci_upper": 0.7254113799239732,
        "std": 0.42964805792567856
      }
    },
    {
      "method": "turboquant_ip",
      "bit_width": 3,
      "mse": 0.0003060351882595569,
      "elapsed_seconds": 0.2642039000056684,
      "n_queries_evaluated": 804,
      "ndcg@10": {
        "mean": 0.2896153472972543,
        "ci_lower": 0.2626539454156847,
        "ci_upper": 0.3152287127640669,
        "std": 0.36053060468162773
      },
      "mrr@10": {
        "mean": 0.2753879412461502,
        "ci_lower": 0.2471664124812446,