{
  "dataset": "nfcorpus",
  "n_corpus": 3633,
  "n_queries": 323,
  "embedding_dim": 384,
  "float32_baseline": {
    "n_queries_evaluated": 323,
    "ndcg@10": {
      "mean": 0.3168657160959713,
      "ci_lower": 0.2829820700080612,
      "ci_upper": 0.350642929030688,
      "std": 0.3115295922291521
    },
    "mrr@10": {
      "mean": 0.5061059511523908,
      "ci_lower": 0.4618854427736007,
      "ci_upper": 0.5530063516634725,
      "std": 0.4425601556062423
    },
    "recall@1": {
      "mean": 0.043380809116909225,
      "ci_lower": 0.030979020789364858,
      "ci_upper": 0.057646604725134255,
      "std": 0.1272260300997586
    },
    "recall@5": {
      "mean": 0.11965315421231895,
      "ci_lower": 0.09623017241544495,
      "ci_upper": 0.142161069778272,
      "std": 0.21337953343676483
    },
    "recall@10": {
      "mean": 0.15498797328057845,
      "ci_lower": 0.1304446535678376,
      "ci_upper": 0.17932477710822697,
      "std": 0.23192924021535724
    },
    "recall@100": {
      "mean": 0.31150992401169303,
      "ci_lower": 0.28244333125920845,
      "ci_upper": 0.34147145000930446,
      "std": 0.27905125399468605
    }
  },
  "method_results": [
    {
      "method": "naive_scalar",
      "bit_width": 2,
      "mse": 0.003284562611952424,
      "elapsed_seconds": 0.09402119999867864,
      "n_queries_evaluated": 323,
      "ndcg@10": {
        "mean": 0.2906309045246868,
        "ci_lower": 0.2573302574637092,
        "ci_upper": 0.3235030446686432,
        "std": 0.30665429606866723
      },
      "mrr@10": {
        "mean": 0.488062066932036,
        "ci_lower": 0.44216392697429857,
        "ci_upper": 0.5336153189345914,
        "std": 0.44414733168026344
      },
      "recall@1": {
        "mean": 0.041891837638761684,
        "ci_lower": 0.029862369369019773,
        "ci_upper": 0.05625902633150812,
        "std": 0.12517354927264776
      },
      "recall@5": {
        "mean": 0.10752883220223175,
        "ci_lower": 0.08510830382928,
        "ci_upper": 0.12966236697883554,
        "std": 0.2033241886918543
      },
      "recall@10": {
        "mean": 0.13643900145061508,
        "ci_lower": 0.11277953651346273,
        "ci_upper": 0.1590952640294403,
        "std": 0.2215404271354815
      },
      "recall@100": {
        "mean": 0.28915045644479614,
        "ci_lower": 0.2598146748934223,
        "ci_upper": 0.3182934287820896,
        "std": 0.2743213419252616
      }
    },
    {
      "method": "turboquant_mse",
      "bit_width": 2,
      "mse": 0.0003396401589270681,
      "elapsed_seconds": 0.09819360001711175,
      "n_queries_evaluated": 323,
      "ndcg@10": {
        "mean": 0.3095489176207653,
        "ci_lower": 0.2757626527598814,
        "ci_upper": 0.3420391291729838,
        "std": 0.3095700319262021
      },
      "mrr@10": {
        "mean": 0.49890166592952967,
        "ci_lower": 0.4529856196864711,
        "ci_upper": 0.5438263858174849,
        "std": 0.4418179958962534
      },
      "recall@1": {
        "mean": 0.04195762028951799,
        "ci_lower": 0.02971280377626585,
        "ci_upper": 0.05605329320253791,
        "std": 0.12479050872685267
      },
      "recall@5": {
        "mean": 0.1157281770189691,
        "ci_lower": 0.093025971570428,
        "ci_upper": 0.13883798341917136,
        "std": 0.21202707745818394
      },
      "recall@10": {
        "mean": 0.1508572344701828,
        "ci_lower": 0.1267709893754358,
        "ci_upper": 0.17504063281807625,
        "std": 0.23027662547076255
      },
      "recall@100": {
        "mean": 0.308582127294854,
        "ci_lower": 0.2801449247414024,
        "ci_upper": 0.33792514769705156,
        "std": 0.27750461063499005
      }
    },
    {
      "method": "turboquant_ip",
      "bit_width": 2,
      "mse": 0.0008559107664041221,
      "elapsed_seconds": 0.11113760000444017,
      "n_queries_evaluated": 323,
      "ndcg@10": {
        "mean": 0.3047899962586838,
        "ci_lower": 0.26996601497402734,
        "ci_upper": 0.33850461649704644,
        "std": 0.3110712688580938
      },
      "mrr@10": {
        "mean": 0.48954248366013076,
        "ci_lower": 0.4420868347338936,
        "ci_upper": 0.5361818148311955,
        "std": 0.4438469284923493
      },
      "recall@1": {
        "mean": 0.042116254314526286,
        "ci_lower": 0.029721763343564266,
        "ci_upper": 0.056777765714240175,
        "std": 0.12510590699248145
      },
      "recall@5": {
        "mean": 0.11263445219566283,
        "ci_lower": 0.09042065325924954,
        "ci_upper": 0.13598289422027285,
        "std": 0.20764504793154667
      },
      "recall@10": {
        "mean": 0.14840486598801383,
        "ci_lower": 0.1236799718337491,
        "ci_upper": 0.17296827293781036,
        "std": 0.22934212848329436
      },
      "recall@100": {
        "mean": 0.29728184704906546,
        "ci_lower": 0.2683376927268448,
        "ci_upper": 0.32624618002310907,
        "std": 0.2666645151020319
      }
    },
    {
      "method": "naive_scalar",
      "bit_width": 3,
      "mse": 0.0004913479788228869,
      "elapsed_seconds": 0.09446069999830797,
      "n_queries_evaluated": 323,
      "ndcg@10": {
        "mean": 0.3117647866141486,
        "ci_lower": 0.2779853550586571,
        "ci_upper": 0.34385906478655975,
        "std": 0.31064977404406474
      },
      "mrr@10": {
        "mean": 0.5032274313234065,
        "ci_lower": 0.4564404577620521,
        "ci_upper": 0.5481196250429996,
        "std": 0.44411642488884806
      },
      "recall@1": {
        "mean": 0.042620786937697046,
        "ci_lower": 0.0301992637603691,
        "ci_upper": 0.057070706792714275,
        "std": 0.12520710486022615
      },
      "recall@5": {
        "mean": 0.11417353102190572,
        "ci_lower": 0.09118601809088106,
        "ci_upper": 0.13642971088574588,
        "std": 0.211150693062777
      },
      "recall@10": {
        "mean": 0.15288904978009252,
        "ci_lower": 0.12646643470886118,
        "ci_upper": 0.17742560048457706,
        "std": 0.23637847504233805
      },
      "recall@100": {
        "mean": 0.30601547748515406,
        "ci_lower": 0.2767400125713902,
        "ci_upper": 0.3345431020909374,
        "std": 0.2742772067348797
      }
    },
    {
      "method": "turboquant_mse",
      "bit_width": 3,
      "mse": 0.0001313474349444732,
      "elapsed_seconds": 0.10028300000703894,
      "n_queries_evaluated": 323,
      "ndcg@10": {
        "mean": 0.3128464246654828,
        "ci_lower": 0.27859233016546747,
        "ci_upper": 0.34536605902793216,
        "std": 0.311843610399017
      },
      "mrr@10": {
        "mean": 0.5041427097154653,
        "ci_lower": 0.45915720674234606,
        "ci_upper": 0.549813934345668,
        "std": 0.4429759218728749
      },
      "recall@1": {
        "mean": 0.041531823908790885,
        "ci_lower": 0.02943423498374424,
        "ci_upper": 0.05585621307492644,
        "std": 0.12458501695730093
      },
      "recall@5": {
        "mean": 0.1149933085056701,
        "ci_lower": 0.09381667790360043,
        "ci_upper": 0.13611627411393568,
        "std": 0.2058374453507759
      },
      "recall@10": {
        "mean": 0.1515609199821342,
        "ci_lower": 0.12748738381916724,
        "ci_upper": 0.17613402046455887,
        "std": 0.23110079196594635
      },
      "recall@100": {
        "mean": 0.3106185080136886,
        "ci_lower": 0.2814509783215031,
        "ci_upper": 0.34000448814141754,
        "std": 0.2780409122588301
      }
    },
    {
      "method": "turboquant_ip",
      "bit_width": 3,
      "mse": 0.0003073427069466561,
      "elapsed_seconds": 0.10475299999234267,
      "n_queries_evaluated": 323,
      "ndcg@10": {
        "mean": 0.3100508331732171,
        "ci_lower": 0.2761376325845821,
        "ci_upper": 0.3425709435947893,
        "std": 0.3096365812763147
      },
      "mrr@10": {
        "mean": 0.5019497272593247,
        "ci_lower": 0.45674044179075146,