{
  "dataset": "arguana",
  "n_corpus": 8674,
  "n_queries": 1406,
  "embedding_dim": 384,
  "float32_baseline": {
    "n_queries_evaluated": 1406,
    "ndcg@10": {
      "mean": 0.3697410513404,
      "ci_lower": 0.3582435896940601,
      "ci_upper": 0.3812794323761149,
      "std": 0.23145270383778274
    },
    "mrr@10": {
      "mean": 0.24452375307638466,
      "ci_lower": 0.23488752145002142,
      "ci_upper": 0.2539548759285601,
      "std": 0.18727641776327902
    },
    "recall@1": {
      "mean": 0.0,
      "ci_lower": 0.0,
      "ci_upper": 0.0,
      "std": 0.0
    },
    "recall@5": {
      "mean": 0.5753911806543386,
      "ci_lower": 0.5490753911806543,
      "ci_upper": 0.5995910384068278,
      "std": 0.4944593617193578
    },
    "recall@10": {
      "mean": 0.7652916073968705,
      "ci_lower": 0.7425320056899004,
      "ci_upper": 0.786628733997155,
      "std": 0.42396722363827805
    },
    "recall@100": {
      "mean": 0.9772403982930299,
      "ci_lower": 0.968705547652916,
      "ci_upper": 0.984352773826458,
      "std": 0.14918925081582504
    }
  },
  "method_results": [
    {
      "method": "naive_scalar",
      "bit_width": 2,
      "mse": 0.0029215591493993998,
      "elapsed_seconds": 0.3512963999819476,
      "n_queries_evaluated": 1406,
      "ndcg@10": {
        "mean": 0.34936341969744944,
        "ci_lower": 0.3372155628335652,
        "ci_upper": 0.36160078614211244,
        "std": 0.23491673398251292
      },
      "mrr@10": {
        "mean": 0.2274297794034636,
        "ci_lower": 0.2173649707037865,
        "ci_upper": 0.23707162754860123,
        "std": 0.18821741414127255
      },
      "recall@1": {
        "mean": 0.001422475106685633,
        "ci_lower": 0.0,
        "ci_upper": 0.0035561877667140826,
        "std": 0.03770228996874434
      },
      "recall@5": {
        "mean": 0.5241820768136558,
        "ci_lower": 0.49857752489331436,
        "ci_upper": 0.5498044096728307,
        "std": 0.4995925809052938
      },
      "recall@10": {
        "mean": 0.7382645803698435,
        "ci_lower": 0.7140825035561877,
        "ci_upper": 0.7603129445234709,
        "std": 0.4397357388056957
      },
      "recall@100": {
        "mean": 0.9758179231863442,
        "ci_lower": 0.9665718349928877,
        "ci_upper": 0.9829302987197724,
        "std": 0.15366879712153625
      }
    },
    {
      "method": "turboquant_mse",
      "bit_width": 2,
      "mse": 0.0003378206747584045,
      "elapsed_seconds": 0.3523251000151504,
      "n_queries_evaluated": 1406,
      "ndcg@10": {
        "mean": 0.36719476907068727,
        "ci_lower": 0.35598897121947853,
        "ci_upper": 0.37802846117664946,
        "std": 0.23083345019019033
      },
      "mrr@10": {
        "mean": 0.2418173812910655,
        "ci_lower": 0.23229040365553524,
        "ci_upper": 0.2510099432138906,
        "std": 0.18644435283672275
      },
      "recall@1": {
        "mean": 0.0007112375533428165,
        "ci_lower": 0.0,
        "ci_upper": 0.0021337126600284497,
        "std": 0.02666903735313325
      },
      "recall@5": {
        "mean": 0.5789473684210527,
        "ci_lower": 0.5533250355618777,
        "ci_upper": 0.6031472261735419,
        "std": 0.4939036473709304
      },
      "recall@10": {
        "mean": 0.7638691322901849,
        "ci_lower": 0.7411095305832148,
        "ci_upper": 0.7852062588904695,
        "std": 0.4248546344828124
      },
      "recall@100": {
        "mean": 0.9793741109530584,
        "ci_lower": 0.9715504978662873,
        "ci_upper": 0.9857752489331437,
        "std": 0.14217889892951927
      }
    },
    {
      "method": "turboquant_ip",
      "bit_width": 2,
      "mse": 0.0008533413638360798,
      "elapsed_seconds": 0.39001450000796467,
      "n_queries_evaluated": 1406,
      "ndcg@10": {
        "mean": 0.3537622043192046,
        "ci_lower": 0.3411399825081351,
        "ci_upper": 0.3655946320523744,
        "std": 0.23591399279167438
      },
      "mrr@10": {
        "mean": 0.23205790376843008,
        "ci_lower": 0.22245947780487252,
        "ci_upper": 0.24177678853665693,
        "std": 0.18917183014331376
      },
      "recall@1": {
        "mean": 0.0007112375533428165,
        "ci_lower": 0.0,
        "ci_upper": 0.0021337126600284497,
        "std": 0.02666903735313325
      },
      "recall@5": {
        "mean": 0.5355618776671408,
        "ci_lower": 0.5085348506401138,
        "ci_upper": 0.561877667140825,
        "std": 0.4989112032166842
      },
      "recall@10": {
        "mean": 0.7403982930298719,
        "ci_lower": 0.716927453769559,
        "ci_upper": 0.7631578947368421,
        "std": 0.43857207392349307
      },
      "recall@100": {
        "mean": 0.9779516358463727,
        "ci_lower": 0.9701280227596017,
        "ci_upper": 0.9850640113798008,
        "std": 0.14689309234063144
      }
    },
    {
      "method": "naive_scalar",
      "bit_width": 3,
      "mse": 0.0004467822436708957,
      "elapsed_seconds": 0.3529242999793496,
      "n_queries_evaluated": 1406,
      "ndcg@10": {
        "mean": 0.3635652445477453,
        "ci_lower": 0.35168159551474665,
        "ci_upper": 0.37454601564740225,
        "std": 0.23046361120221606
      },
      "mrr@10": {
        "mean": 0.23806108740319268,
        "ci_lower": 0.22824818239291925,
        "ci_upper": 0.24742815653999867,
        "std": 0.18629692145574606
      },
      "recall@1": {
        "mean": 0.0,
        "ci_lower": 0.0,
        "ci_upper": 0.0,
        "std": 0.0
      },
      "recall@5": {
        "mean": 0.5483641536273115,
        "ci_lower": 0.5234708392603129,
        "ci_upper": 0.571852773826458,
        "std": 0.4978324816173297
      },
      "recall@10": {
        "mean": 0.7624466571834992,
        "ci_lower": 0.7403805120910384,
        "ci_upper": 0.783072546230441,
        "std": 0.4257354394601243
      },
      "recall@100": {
        "mean": 0.9779516358463727,
        "ci_lower": 0.9694167852062588,
        "ci_upper": 0.9850640113798008,
        "std": 0.14689309234063144
      }
    },
    {
      "method": "turboquant_mse",
      "bit_width": 3,
      "mse": 0.00013026366650592536,
      "elapsed_seconds": 0.32796689998940565,
      "n_queries_evaluated": 1406,
      "ndcg@10": {
        "mean": 0.3678652483007977,
        "ci_lower": 0.3565698746151716,
        "ci_upper": 0.3793005283420975,
        "std": 0.23096471472686564
      },
      "mrr@10": {
        "mean": 0.24232540811488182,
        "ci_lower": 0.23295788034274878,
        "ci_upper": 0.2520886323353429,
        "std": 0.1872661001203755
      },
      "recall@1": {
        "mean": 0.0007112375533428165,
        "ci_lower": 0.0,
        "ci_upper": 0.0021337126600284497,
        "std": 0.02666903735313325
      },
      "recall@5": {
        "mean": 0.5725462304409673,
        "ci_lower": 0.5462304409672831,
        "ci_upper": 0.5981685633001422,
        "std": 0.49488507202786935
      },
      "recall@10": {
        "mean": 0.7652916073968705,
        "ci_lower": 0.7439544807965861,
        "ci_upper": 0.7852062588904695,
        "std": 0.42396722363827805
      },
      "recall@100": {
        "mean": 0.9793741109530584,
        "ci_lower": 0.9715504978662873,
        "ci_upper": 0.9864864864864865,
        "std": 0.14217889892951927
      }
    },
    {
      "method": "turboquant_ip",
      "bit_width": 3,
      "mse": 0.0003056515415664762,
      "elapsed_seconds": 0.37756890000309795,
      "n_queries_evaluated": 1406,
      "ndcg@10": {
        "mean": 0.3688459720523372,
        "ci_lower": 0.3573627026328708,
        "ci_upper": 0.3797513073766534,
        "std": 0.23057603335619808
      },
      "mrr@10": {
        "mean": 0.24311736548578655,
        "ci_lower": 0.2336546461875409,
        "ci_upper": 0.2522388389329178,
        "std": 0.186832890817308
      },
      "recall@1": {
        "mean": 0.0007112375533428165,
        "ci_lower": 0.0,