{
  "dataset": "quora",
  "n_corpus": 522931,
  "n_queries": 10000,
  "embedding_dim": 384,
  "float32_baseline": {
    "n_queries_evaluated": 10000,
    "ndcg@10": {
      "mean": 0.8754399231237068,
      "ci_lower": 0.8705862948994383,
      "ci_upper": 0.8797946647751103,
      "std": 0.2404230229612203
    },
    "mrr@10": {
      "mean": 0.8673238888888889,
      "ci_lower": 0.8618212400793651,
      "ci_upper": 0.8722138432539682,
      "std": 0.2797926123564762
    },
    "recall@1": {
      "mean": 0.6972551719532412,
      "ci_lower": 0.6891822510951497,
      "ci_upper": 0.7053118609902114,
      "std": 0.41419153751968196
    },
    "recall@5": {
      "mean": 0.9103991666627426,
      "ci_lower": 0.9058582818836592,
      "ci_upper": 0.9154286533015658,
      "std": 0.2528071947936417
    },
    "recall@10": {
      "mean": 0.9502895111051827,
      "ci_lower": 0.9467774488249331,
      "ci_upper": 0.9538986927602087,
      "std": 0.1880214303411525
    },
    "recall@100": {
      "mean": 0.9944006312121801,
      "ci_lower": 0.9931354660697387,
      "ci_upper": 0.9955353816760771,
      "std": 0.059408827090374414
    }
  },
  "method_results": [
    {
      "method": "naive_scalar",
      "bit_width": 2,
      "mse": 0.005694920662790537,
      "elapsed_seconds": 26.815893500024686,
      "n_queries_evaluated": 10000,
      "ndcg@10": {
        "mean": 0.8645514708955159,
        "ci_lower": 0.8595243460882204,
        "ci_upper": 0.8693155939858542,
        "std": 0.2518554129478467
      },
      "mrr@10": {
        "mean": 0.8562433730158729,
        "ci_lower": 0.8504081656746032,
        "ci_upper": 0.8619092966269841,
        "std": 0.2904982800498225
      },
      "recall@1": {
        "mean": 0.6850696817571628,
        "ci_lower": 0.6765309960662264,
        "ci_upper": 0.6932757254528822,
        "std": 0.420539742341432
      },
      "recall@5": {
        "mean": 0.9008099540771817,
        "ci_lower": 0.8957269875697329,
        "ci_upper": 0.9058152716320929,
        "std": 0.26578686951970354
      },
      "recall@10": {
        "mean": 0.9429320551665995,
        "ci_lower": 0.9392063736313662,
        "ci_upper": 0.9466941242000975,
        "std": 0.20214929814982913
      },
      "recall@100": {
        "mean": 0.9930856385645166,
        "ci_lower": 0.9917455639230796,
        "ci_upper": 0.9944265180713349,
        "std": 0.06711259982301804
      }
    },
    {
      "method": "turboquant_mse",
      "bit_width": 2,
      "mse": 0.0003381556598469615,
      "elapsed_seconds": 26.17033000002266,
      "n_queries_evaluated": 10000,
      "ndcg@10": {
        "mean": 0.8728784333329248,
        "ci_lower": 0.8679495091167243,
        "ci_upper": 0.8773462276015767,
        "std": 0.24340706724448213
      },
      "mrr@10": {
        "mean": 0.8647749206349207,
        "ci_lower": 0.8588581537698413,
        "ci_upper": 0.8698662132936508,
        "std": 0.2821610356863774
      },
      "recall@1": {
        "mean": 0.694360407759102,
        "ci_lower": 0.6856696312871161,
        "ci_upper": 0.7021370002888381,
        "std": 0.4157383334711401
      },
      "recall@5": {
        "mean": 0.9083235638554997,
        "ci_lower": 0.9035567565441721,
        "ci_upper": 0.9133188802265696,
        "std": 0.2549328123705818
      },
      "recall@10": {
        "mean": 0.948160434737407,
        "ci_lower": 0.9444591881388331,
        "ci_upper": 0.9521315093347327,
        "std": 0.19228065247316695
      },
      "recall@100": {
        "mean": 0.9941840714053258,
        "ci_lower": 0.9928601415482897,
        "ci_upper": 0.995407390370187,
        "std": 0.061842189049659047
      }
    },
    {
      "method": "turboquant_ip",
      "bit_width": 2,
      "mse": 0.0008541190763935447,
      "elapsed_seconds": 26.051504900009604,
      "n_queries_evaluated": 10000,
      "ndcg@10": {
        "mean": 0.8679615942588164,
        "ci_lower": 0.8629677599342348,
        "ci_upper": 0.8728295952491991,
        "std": 0.24823331732595177
      },
      "mrr@10": {
        "mean": 0.8594453968253969,
        "ci_lower": 0.8536845813492063,
        "ci_upper": 0.8646723511904763,
        "std": 0.2883536010632393
      },
      "recall@1": {
        "mean": 0.6891722754718621,
        "ci_lower": 0.6804682265448292,
        "ci_upper": 0.6972915873099423,
        "std": 0.41832721494459024
      },
      "recall@5": {
        "mean": 0.9023483255180715,
        "ci_lower": 0.897431352612063,
        "ci_upper": 0.9075951270531659,
        "std": 0.26444255960249174
      },
      "recall@10": {
        "mean": 0.9465906291283384,
        "ci_lower": 0.9428957295408871,
        "ci_upper": 0.9504758874248322,
        "std": 0.1950048972729333
      },
      "recall@100": {
        "mean": 0.9933830528581007,
        "ci_lower": 0.9920070808271517,
        "ci_upper": 0.9945958895039486,
        "std": 0.06605177934872311
      }
    },
    {
      "method": "naive_scalar",
      "bit_width": 3,
      "mse": 0.0007509264978580177,
      "elapsed_seconds": 27.249855200003367,
      "n_queries_evaluated": 10000,
      "ndcg@10": {
        "mean": 0.8707070307892751,
        "ci_lower": 0.8659327139675166,
        "ci_upper": 0.875204816316561,
        "std": 0.24618899643917683
      },
      "mrr@10": {
        "mean": 0.8621544047619049,
        "ci_lower": 0.8565216775793649,
        "ci_upper": 0.8674946924603175,
        "std": 0.2851149841993032
      },
      "recall@1": {
        "mean": 0.6926833418878817,
        "ci_lower": 0.684407850591831,
        "ci_upper": 0.7010256175266452,
        "std": 0.41704654963732274
      },
      "recall@5": {
        "mean": 0.905191504583717,
        "ci_lower": 0.9004731505720682,
        "ci_upper": 0.910124892190533,
        "std": 0.25989440711436357
      },
      "recall@10": {
        "mean": 0.9468083095223508,
        "ci_lower": 0.9432509781584378,
        "ci_upper": 0.9506514055726225,
        "std": 0.19473203817014043
      },
      "recall@100": {
        "mean": 0.9937778149465288,
        "ci_lower": 0.9924544058219257,
        "ci_upper": 0.9949477770502249,
        "std": 0.0630534797921594
      }
    },
    {
      "method": "turboquant_mse",
      "bit_width": 3,
      "mse": 0.00013042688078712672,
      "elapsed_seconds": 26.198547300009523,
      "n_queries_evaluated": 10000,
      "ndcg@10": {
        "mean": 0.8745331943878322,
        "ci_lower": 0.8696006974076753,
        "ci_upper": 0.8790080954797456,
        "std": 0.24118755161351407
      },
      "mrr@10": {
        "mean": 0.8661988888888889,
        "ci_lower": 0.860594718253968,
        "ci_upper": 0.8713118184523809,
        "std": 0.2808198598862466
      },
      "recall@1": {
        "mean": 0.6962160945722888,
        "ci_lower": 0.6878174542181696,
        "ci_upper": 0.7043336950775404,
        "std": 0.4148170893456312
      },
      "recall@5": {
        "mean": 0.9094683321400188,
        "ci_lower": 0.904992794463957,
        "ci_upper": 0.914546773168683,
        "std": 0.2538527793319113
      },
      "recall@10": {
        "mean": 0.9498579219083587,
        "ci_lower": 0.9462945456483761,
        "ci_upper": 0.9533457208260504,
        "std": 0.18838721348257756
      },
      "recall@100": {
        "mean": 0.9943060371629403,
        "ci_lower": 0.9929902940574258,
        "ci_upper": 0.9954544443986186,
        "std": 0.06039412740497271
      }
    },
    {
      "method": "turboquant_ip",
      "bit_width": 3,
      "mse": 0.00030588844674639404,
      "elapsed_seconds": 26.462767899996834,
      "n_queries_evaluated": 10000,
      "ndcg@10": {
        "mean": 0.8729596908178262,
        "ci_lower": 0.8679454768950857,
        "ci_upper": 0.8774560722011527,
        "std": 0.24348490412160398
      },
      "mrr@10": {
        "mean": 0.8650280555555553,
        "ci_lower": 0.8591106101190475,
        "ci_upper": 0.8701943164682538,