{
  "dataset": "trec-covid",
  "n_corpus": 171332,
  "n_queries": 50,
  "embedding_dim": 384,
  "float32_baseline": {
    "n_queries_evaluated": 50,
    "ndcg@10": {
      "mean": 0.4543863923587683,
      "ci_lower": 0.369969331252138,
      "ci_upper": 0.5338611036663388,
      "std": 0.30661122468972657
    },
    "mrr@10": {
      "mean": 0.7243809523809525,
      "ci_lower": 0.6143690476190476,
      "ci_upper": 0.8202035714285714,
      "std": 0.3748162151644042
    },
    "recall@1": {
      "mean": 0.0016885278421116775,
      "ci_lower": 0.0011865965535557724,
      "ci_upper": 0.0022003387993298554,
      "std": 0.001924631286772006
    },
    "recall@5": {
      "mean": 0.0070934768729922935,
      "ci_lower": 0.005085511423167143,
      "ci_upper": 0.009064107898588055,
      "std": 0.007132166929171074
    },
    "recall@10": {
      "mean": 0.012836078700997905,
      "ci_lower": 0.009388295387972277,
      "ci_upper": 0.016190686457531737,
      "std": 0.012366591309407678
    },
    "recall@100": {
      "mean": 0.08551749768487697,
      "ci_lower": 0.06748531950071979,
      "ci_upper": 0.10441757485667223,
      "std": 0.06692075744986081
    }
  },
  "method_results": [
    {
      "method": "naive_scalar",
      "bit_width": 2,
      "mse": 0.003817847231402993,
      "elapsed_seconds": 0.988808300025994,
      "n_queries_evaluated": 50,
      "ndcg@10": {
        "mean": 0.37893808121425243,
        "ci_lower": 0.294686723424539,
        "ci_upper": 0.46001675227678035,
        "std": 0.3094551061868898
      },
      "mrr@10": {
        "mean": 0.5917698412698412,
        "ci_lower": 0.47779126984126985,
        "ci_upper": 0.7030890873015874,
        "std": 0.4030155260634241
      },
      "recall@1": {
        "mean": 0.0012447655558094819,
        "ci_lower": 0.0007507584547555911,
        "ci_upper": 0.001801648789095408,
        "std": 0.0019171241184687152
      },
      "recall@5": {
        "mean": 0.005721161665913784,
        "ci_lower": 0.0038748285081390836,
        "ci_upper": 0.0077118589952303055,
        "std": 0.00710018723725204
      },
      "recall@10": {
        "mean": 0.01064909769537377,
        "ci_lower": 0.0074688562021276925,
        "ci_upper": 0.014128751000122978,
        "std": 0.012063497989992296
      },
      "recall@100": {
        "mean": 0.07016099047916753,
        "ci_lower": 0.05200262829308592,
        "ci_upper": 0.08963302361663099,
        "std": 0.06593518425489885
      }
    },
    {
      "method": "turboquant_mse",
      "bit_width": 2,
      "mse": 0.00033842091215774417,
      "elapsed_seconds": 0.7414053000102285,
      "n_queries_evaluated": 50,
      "ndcg@10": {
        "mean": 0.4625321504499032,
        "ci_lower": 0.3767575430457364,
        "ci_upper": 0.5448556447526922,
        "std": 0.3057498308834328
      },
      "mrr@10": {
        "mean": 0.7323333333333332,
        "ci_lower": 0.6196583333333334,
        "ci_upper": 0.8250166666666666,
        "std": 0.38045220140120156
      },
      "recall@1": {
        "mean": 0.0016964169162460552,
        "ci_lower": 0.0011932212310966364,
        "ci_upper": 0.002217847375168649,
        "std": 0.0019140411848950149
      },
      "recall@5": {
        "mean": 0.007102487475083613,
        "ci_lower": 0.005162086350449519,
        "ci_upper": 0.00899002002417805,
        "std": 0.007113256283606324
      },
      "recall@10": {
        "mean": 0.013020309380116635,
        "ci_lower": 0.009678271216071335,
        "ci_upper": 0.016305381160684168,
        "std": 0.012193069305181567
      },
      "recall@100": {
        "mean": 0.08528649258151663,
        "ci_lower": 0.0664375979958073,
        "ci_upper": 0.10442923490432883,
        "std": 0.06702877062239691
      }
    },
    {
      "method": "turboquant_ip",
      "bit_width": 2,
      "mse": 0.0008548013865947723,
      "elapsed_seconds": 0.65219199997955,
      "n_queries_evaluated": 50,
      "ndcg@10": {
        "mean": 0.44318491467298365,
        "ci_lower": 0.36233027286154723,
        "ci_upper": 0.5204066492474463,
        "std": 0.30424814223955954
      },
      "mrr@10": {
        "mean": 0.7037142857142856,
        "ci_lower": 0.6012285714285714,
        "ci_upper": 0.803052380952381,
        "std": 0.37188963683502113
      },
      "recall@1": {
        "mean": 0.0013698008583065803,
        "ci_lower": 0.000972305405523182,
        "ci_upper": 0.0017748500311253954,
        "std": 0.0015654754316382746
      },
      "recall@5": {
        "mean": 0.006469887470097941,
        "ci_lower": 0.0048476204670236745,
        "ci_upper": 0.008097056709356698,
        "std": 0.005989361619939723
      },
      "recall@10": {
        "mean": 0.012465897170948896,
        "ci_lower": 0.00937471587549023,
        "ci_upper": 0.01571606118054672,
        "std": 0.011244254047783918
      },
      "recall@100": {
        "mean": 0.0817306700944746,
        "ci_lower": 0.06363417949135382,
        "ci_upper": 0.1005883279516395,
        "std": 0.06769292179343873
      }
    },
    {
      "method": "naive_scalar",
      "bit_width": 3,
      "mse": 0.0007854478317312896,
      "elapsed_seconds": 1.055146099999547,
      "n_queries_evaluated": 50,
      "ndcg@10": {
        "mean": 0.46183830952082,
        "ci_lower": 0.3729549068468138,
        "ci_upper": 0.5429716648198275,
        "std": 0.3134079817118469
      },
      "mrr@10": {
        "mean": 0.7321666666666666,
        "ci_lower": 0.6174833333333334,
        "ci_upper": 0.8290041666666668,
        "std": 0.38078124876420955
      },
      "recall@1": {
        "mean": 0.0017267489175955672,
        "ci_lower": 0.0012079624312370516,
        "ci_upper": 0.0022772701955843288,
        "std": 0.0019261460252238374
      },
      "recall@5": {
        "mean": 0.00682724810528075,
        "ci_lower": 0.005018897549964357,
        "ci_upper": 0.008576113038771198,
        "std": 0.006404113285004115
      },
      "recall@10": {
        "mean": 0.012619483249560588,
        "ci_lower": 0.009393754816484197,
        "ci_upper": 0.01584206477520232,
        "std": 0.011789326507024467
      },
      "recall@100": {
        "mean": 0.08044538105597861,
        "ci_lower": 0.06277320557648697,
        "ci_upper": 0.09911872261482436,
        "std": 0.0656222843046638
      }
    },
    {
      "method": "turboquant_mse",
      "bit_width": 3,
      "mse": 0.00013046020467299968,
      "elapsed_seconds": 0.7183710999961477,
      "n_queries_evaluated": 50,
      "ndcg@10": {
        "mean": 0.45611667943647044,
        "ci_lower": 0.36937409141681343,
        "ci_upper": 0.5378388859312803,
        "std": 0.3135791187863554
      },
      "mrr@10": {
        "mean": 0.7325,
        "ci_lower": 0.6182916666666668,
        "ci_upper": 0.8325208333333334,
        "std": 0.38188965799606794
      },
      "recall@1": {
        "mean": 0.0015554292139746734,
        "ci_lower": 0.001163106154149667,
        "ci_upper": 0.0019633808347049126,
        "std": 0.001567282564074792
      },
      "recall@5": {
        "mean": 0.006689852984021474,
        "ci_lower": 0.0049626144595080355,
        "ci_upper": 0.008348062525458362,
        "std": 0.006195417010826625
      },
      "recall@10": {
        "mean": 0.012832503452457051,
        "ci_lower": 0.00939979818779439,
        "ci_upper": 0.016163074149136255,
        "std": 0.012441182279511803
      },
      "recall@100": {
        "mean": 0.08530420027604985,
        "ci_lower": 0.06697721702956456,
        "ci_upper": 0.10441963907129362,
        "std": 0.06656724896695498
      }
    },
    {
      "method": "turboquant_ip",
      "bit_width": 3,
      "mse": 0.00030614016577601433,
      "elapsed_seconds": 0.6296198999916669,
      "n_queries_evaluated": 50,
      "ndcg@10": {
        "mean": 0.4595431321438101,
        "ci_lower": 0.3750073761674941,
        "ci_upper": 0.5393655450614538,
        "std": 0.30377116806506027
      },