{"temperatures": {"spacy": 1.4986013774852953, "flair": 0.8405632704282081, "stanza": 1.1645013112798364, "huggingface": 1.6148206001584793}, "dev_metrics": {"spacy": {"entity_f1": 0.46624542733621543, "token_accuracy": 0.8065106498968109}, "flair": {"entity_f1": 0.9486185983827493, "token_accuracy": 0.9918032786885246}, "stanza": {"entity_f1": 0.5836100411741266, "token_accuracy": 0.8540944667263736}, "huggingface": {"entity_f1": 0.9514693534844668, "token_accuracy": 0.9915696429266773}}, "test_individual": {"spacy": {"entity_f1": 0.46272130916272836, "entity_precision": 0.3845702896001876, "entity_recall": 0.5807365439093485, "token_accuracy": 0.8016797674168192, "token_f1_micro": 0.48057665328237625, "n_tokens": 46435, "entity_f1_ci": {"lower": 0.44765991787428683, "mean": 0.4628051957764761, "upper": 0.47853413709526565}}, "flair": {"entity_f1": 0.9248033931253865, "entity_precision": 0.923090492150291, "entity_recall": 0.9265226628895185, "token_accuracy": 0.9853989447614946, "token_f1_micro": 0.9337833691316355, "n_tokens": 46435, "entity_f1_ci": {"lower": 0.9176067985037326, "mean": 0.9248865981491639, "upper": 0.9320015155508697}}, "stanza": {"entity_f1": 0.5238482384823848, "entity_precision": 0.4242756804214223, "entity_recall": 0.6844900849858357, "token_accuracy": 0.826919349628513, "token_f1_micro": 0.5663366336633663, "n_tokens": 46435, "entity_f1_ci": {"lower": 0.51021436520468, "mean": 0.5238263432653087, "upper": 0.5383473018438005}}, "huggingface": {"entity_f1": 0.9128791208791208, "entity_precision": 0.9065828531517374, "entity_recall": 0.9192634560906515, "token_accuracy": 0.9825347259610208, "token_f1_micro": 0.9244417252982563, "n_tokens": 46435, "entity_f1_ci": {"lower": 0.9044540939006741, "mean": 0.9128858440419074, "upper": 0.9209758580394617}}}, "model_weights": {"spacy": 0.15805232877196726, "flair": 0.3215717941672716, "stanza": 0.1978377066972462, "huggingface": 0.3225381703635149}}