{
  "u_gliner2": 0.3151739377090545,
  "u_biomed": 0.2885996701995146
}